query	target	aligned_genes	percent_genes	aligned_length	percent_length	identity	score
Q_Shewanella_Pdp11||0_partial	CheckV-045510	5	5.26	3239	11.07	47.81	1548.57
Q_Shewanella_Pdp11||0_partial	CheckV-033334	5	5.26	2458	8.4	48.08	1181.81
Q_Shewanella_Pdp11||0_partial	CheckV-056080	4	4.21	2280	7.79	49.62	1131.34
Q_Shewanella_Pdp11||0_partial	CheckV-056108	4	4.21	2280	7.79	49.62	1131.34
Q_Shewanella_Pdp11||0_partial	CheckV-021744	4	4.21	2280	7.79	49.15	1120.62
Q_Shewanella_Pdp11||0_partial	CheckV-046554	4	4.21	2102	7.19	51.5	1082.53
Q_Shewanella_Pdp11||0_partial	CheckV-043193	4	4.21	2056	7.03	51.17	1052.06
Q_Shewanella_Pdp11||0_partial	CheckV-018426	3	3.16	1861	6.36	52.57	978.33
Q_Shewanella_Pdp11||0_partial	CheckV-014288	3	3.16	1861	6.36	52.29	973.12
Q_Shewanella_Pdp11||0_partial	CheckV-048012	3	3.16	1861	6.36	52.27	972.74
Q_Shewanella_Pdp11||0_partial	CheckV-004632	3	3.16	1861	6.36	52.24	972.19
Q_Shewanella_Pdp11||0_partial	CheckV-047941	5	5.26	1908	6.52	50.49	963.35
Q_Shewanella_Pdp11||0_partial	CheckV-059978	5	5.26	2019	6.9	47.02	949.33
Q_Shewanella_Pdp11||0_partial	CheckV-015045	3	3.16	1861	6.36	50.81	945.57
Q_Shewanella_Pdp11||0_partial	CheckV-012762	3	3.16	1861	6.36	50.62	942.04
Q_Shewanella_Pdp11||0_partial	CheckV-021891	4	4.21	2039	6.97	44.77	912.86
Q_Shewanella_Pdp11||0_partial	CheckV-039878	4	4.21	2039	6.97	44.76	912.66
Q_Shewanella_Pdp11||0_partial	CheckV-004117	5	5.26	2209	7.55	36.28	801.43
Q_Shewanella_Pdp11||0_partial	CheckV-010933	4	4.21	2102	7.19	37.04	778.58
Q_Shewanella_Pdp11||0_partial	CheckV-061181	4	4.21	1544	5.28	49.26	760.57
Q_Shewanella_Pdp11||0_partial	CheckV-015841	4	4.21	1930	6.6	38.43	741.7
Q_Shewanella_Pdp11||0_partial	CheckV-054118	3	3.16	1303	4.45	56.35	734.24
Q_Shewanella_Pdp11||0_partial	CheckV-015839	3	3.16	1861	6.36	38.81	722.25
Q_Shewanella_Pdp11||0_partial	CheckV-058888	3	3.16	1264	4.32	54.19	684.96
Q_Shewanella_Pdp11||0_partial	CheckV-058941	3	3.16	1303	4.45	51.55	671.7
Q_Shewanella_Pdp11||0_partial	CheckV-059690	3	3.16	1303	4.45	51.39	669.61
Q_Shewanella_Pdp11||0_partial	CheckV-058946	3	3.16	1303	4.45	51.03	664.92
Q_Shewanella_Pdp11||0_partial	CheckV-058948	3	3.16	1303	4.45	51.03	664.92
Q_Shewanella_Pdp11||0_partial	CheckV-060883	2	2.11	1195	4.08	55.08	658.21
Q_Shewanella_Pdp11||0_partial	CheckV-060362	2	2.11	1195	4.08	54.92	656.29
Q_Shewanella_Pdp11||0_partial	CheckV-019643	2	2.11	1195	4.08	54.56	651.99
Q_Shewanella_Pdp11||0_partial	CheckV-044523	2	2.11	1195	4.08	54.33	649.24
Q_Shewanella_Pdp11||0_partial	CheckV-044546	2	2.11	1195	4.08	54.33	649.24
Q_Shewanella_Pdp11||0_partial	CheckV-038171	2	2.11	1195	4.08	53.61	640.64
Q_Shewanella_Pdp11||0_partial	CheckV-060270	2	2.11	1195	4.08	52.83	631.32
Q_Shewanella_Pdp11||0_partial	CheckV-038102	2	2.11	1195	4.08	52.32	625.22
Q_Shewanella_Pdp11||0_partial	CheckV-045676	4	4.21	1280	4.38	48.39	619.39
Q_Shewanella_Pdp11||0_partial	CheckV-029828	4	4.21	1394	4.77	41.42	577.39
Q_Shewanella_Pdp11||0_partial	CheckV-004350	3	3.16	1444	4.94	39.55	571.1
Q_Shewanella_Pdp11||0_partial	CheckV-051432	1	1.05	1429	4.88	38.8	554.45
Q_Shewanella_Pdp11||0_partial	CheckV-044544	3	3.16	1085	3.71	50.04	542.93
Q_Shewanella_Pdp11||0_partial	CheckV-009206	3	3.16	1085	3.71	49.76	539.9
Q_Shewanella_Pdp11||0_partial	CheckV-032926	3	3.16	1264	4.32	42.13	532.52
Q_Shewanella_Pdp11||0_partial	CheckV-000106	2	2.11	1388	4.74	36.41	505.37
Q_Shewanella_Pdp11||0_partial	CheckV-023449	2	2.11	1388	4.74	36.27	503.43
Q_Shewanella_Pdp11||0_partial	CheckV-027970	2	2.11	1388	4.74	36.2	502.46
Q_Shewanella_Pdp11||0_partial	CheckV-045085	2	2.11	1388	4.74	35.74	496.07
Q_Shewanella_Pdp11||0_partial	CheckV-047989	2	2.11	1423	4.86	34.51	491.08
Q_Shewanella_Pdp11||0_partial	CheckV-021175	2	2.11	1388	4.74	34.64	480.8
Q_Shewanella_Pdp11||0_partial	CheckV-031244	2	2.11	1195	4.08	39.87	476.45
Q_Shewanella_Pdp11||0_partial	CheckV-060516	3	3.16	1206	4.12	39.38	474.92
Q_Shewanella_Pdp11||0_partial	CheckV-013703	2	2.11	1388	4.74	34.17	474.28
Q_Shewanella_Pdp11||0_partial	CheckV-014954	2	2.11	1388	4.74	34.11	473.45
Q_Shewanella_Pdp11||0_partial	CheckV-028565	2	2.11	1388	4.74	33.64	466.92
Q_Shewanella_Pdp11||0_partial	CheckV-022013	2	2.11	1388	4.74	33.64	466.92
Q_Shewanella_Pdp11||0_partial	CheckV-005475	3	3.16	1266	4.33	36.81	466.01
Q_Shewanella_Pdp11||0_partial	CheckV-001208	2	2.11	1388	4.74	33.39	463.45
Q_Shewanella_Pdp11||0_partial	CheckV-019564	2	2.11	1195	4.08	38.74	462.94
Q_Shewanella_Pdp11||0_partial	CheckV-026552	2	2.11	1388	4.74	33.15	460.12
Q_Shewanella_Pdp11||0_partial	CheckV-022561	2	2.11	1388	4.74	33.07	459.01
Q_Shewanella_Pdp11||0_partial	CheckV-035525	2	2.11	1388	4.74	33.06	458.87
Q_Shewanella_Pdp11||0_partial	CheckV-039851	2	2.11	1388	4.74	32.76	454.71
Q_Shewanella_Pdp11||0_partial	CheckV-016437	2	2.11	1388	4.74	32.76	454.71
Q_Shewanella_Pdp11||0_partial	CheckV-023485	2	2.11	1388	4.74	32.68	453.6
Q_Shewanella_Pdp11||0_partial	CheckV-014182	2	2.11	1388	4.74	32.57	452.07
Q_Shewanella_Pdp11||0_partial	CheckV-023518	2	2.11	1388	4.74	32.55	451.79
Q_Shewanella_Pdp11||0_partial	CheckV-025371	2	2.11	1388	4.74	32.53	451.52
Q_Shewanella_Pdp11||0_partial	CheckV-020901	2	2.11	1388	4.74	32.42	449.99
Q_Shewanella_Pdp11||0_partial	CheckV-014027	2	2.11	1388	4.74	32.42	449.99
Q_Shewanella_Pdp11||0_partial	CheckV-014378	2	2.11	1388	4.74	32.4	449.71
Q_Shewanella_Pdp11||0_partial	CheckV-038739	2	2.11	1388	4.74	32.32	448.6
Q_Shewanella_Pdp11||0_partial	CheckV-024700	2	2.11	1388	4.74	32.13	445.96
Q_Shewanella_Pdp11||0_partial	CheckV-014229	2	2.11	1388	4.74	32.06	444.99
Q_Shewanella_Pdp11||0_partial	CheckV-035521	2	2.11	1388	4.74	32.01	444.3
Q_Shewanella_Pdp11||0_partial	CheckV-058864	2	2.11	1388	4.74	31.99	444.02
Q_Shewanella_Pdp11||0_partial	CheckV-035748	2	2.11	1388	4.74	31.97	443.74
Q_Shewanella_Pdp11||0_partial	CheckV-038760	2	2.11	1388	4.74	31.95	443.47
Q_Shewanella_Pdp11||0_partial	CheckV-060313	2	2.11	1388	4.74	31.95	443.47
Q_Shewanella_Pdp11||0_partial	CheckV-061023	2	2.11	844	2.89	52.54	443.44
Q_Shewanella_Pdp11||0_partial	CheckV-060534	2	2.11	844	2.89	52.54	443.44
Q_Shewanella_Pdp11||0_partial	CheckV-044483	2	2.11	844	2.89	52.52	443.27
Q_Shewanella_Pdp11||0_partial	CheckV-060171	2	2.11	844	2.89	52.52	443.27
Q_Shewanella_Pdp11||0_partial	CheckV-060172	2	2.11	844	2.89	52.52	443.27
Q_Shewanella_Pdp11||0_partial	CheckV-026534	2	2.11	1388	4.74	31.93	443.19
Q_Shewanella_Pdp11||0_partial	CheckV-014781	2	2.11	1388	4.74	31.9	442.77
Q_Shewanella_Pdp11||0_partial	CheckV-048992	2	2.11	844	2.89	52.39	442.17
Q_Shewanella_Pdp11||0_partial	CheckV-044545	2	2.11	844	2.89	52.39	442.17
Q_Shewanella_Pdp11||0_partial	CheckV-058654	2	2.11	844	2.89	52.39	442.17
Q_Shewanella_Pdp11||0_partial	CheckV-029464	2	2.11	1388	4.74	31.85	442.08
Q_Shewanella_Pdp11||0_partial	CheckV-021620	2	2.11	1388	4.74	31.79	441.25
Q_Shewanella_Pdp11||0_partial	CheckV-049871	2	2.11	844	2.89	52.15	440.15
Q_Shewanella_Pdp11||0_partial	CheckV-053408	2	2.11	1388	4.74	31.62	438.89
Q_Shewanella_Pdp11||0_partial	CheckV-032698	2	2.11	1195	4.08	36.54	436.65
Q_Shewanella_Pdp11||0_partial	CheckV-026485	2	2.11	1388	4.74	31.4	435.83
Q_Shewanella_Pdp11||0_partial	CheckV-020653	2	2.11	1388	4.74	31.34	435.0
Q_Shewanella_Pdp11||0_partial	CheckV-013704	2	2.11	1388	4.74	31.33	434.86
Q_Shewanella_Pdp11||0_partial	CheckV-029995	2	2.11	1388	4.74	31.14	432.22
Q_Shewanella_Pdp11||0_partial	CheckV-018350	2	2.11	1388	4.74	31.13	432.08
Q_Shewanella_Pdp11||0_partial	CheckV-060314	2	2.11	1388	4.74	31.01	430.42
Q_Shewanella_Pdp11||0_partial	CheckV-035552	2	2.11	1388	4.74	30.97	429.86
Q_Shewanella_Pdp11||0_partial	CheckV-018599	2	2.11	1388	4.74	30.97	429.86
Q_Shewanella_Pdp11||0_partial	CheckV-042201	2	2.11	844	2.89	50.93	429.85
Q_Shewanella_Pdp11||0_partial	CheckV-053400	2	2.11	1085	3.71	39.43	427.82
Q_Shewanella_Pdp11||0_partial	CheckV-024250	2	2.11	1388	4.74	30.78	427.23
Q_Shewanella_Pdp11||0_partial	CheckV-014028	2	2.11	1388	4.74	30.78	427.23
Q_Shewanella_Pdp11||0_partial	CheckV-024612	2	2.11	1388	4.74	30.6	424.73
Q_Shewanella_Pdp11||0_partial	CheckV-006215	2	2.11	1388	4.74	30.49	423.2
Q_Shewanella_Pdp11||0_partial	CheckV-061202	2	2.11	1388	4.74	30.37	421.54
Q_Shewanella_Pdp11||0_partial	CheckV-015441	2	2.11	1388	4.74	30.34	421.12
Q_Shewanella_Pdp11||0_partial	CheckV-016916	2	2.11	1388	4.74	30.33	420.98
Q_Shewanella_Pdp11||0_partial	CheckV-001757	2	2.11	1388	4.74	30.18	418.9
Q_Shewanella_Pdp11||0_partial	CheckV-026173	2	2.11	1388	4.74	29.93	415.43
Q_Shewanella_Pdp11||0_partial	CheckV-005107	2	2.11	1388	4.74	29.93	415.43
Q_Shewanella_Pdp11||0_partial	CheckV-052278	2	2.11	1388	4.74	29.88	414.73
Q_Shewanella_Pdp11||0_partial	CheckV-048090	2	2.11	1388	4.74	29.87	414.6
Q_Shewanella_Pdp11||0_partial	CheckV-060287	2	2.11	1388	4.74	29.76	413.07
Q_Shewanella_Pdp11||0_partial	CheckV-060306	2	2.11	1388	4.74	29.72	412.51
Q_Shewanella_Pdp11||0_partial	CheckV-060301	2	2.11	1388	4.74	29.67	411.82
Q_Shewanella_Pdp11||0_partial	CheckV-046604	2	2.11	1388	4.74	29.56	410.29
Q_Shewanella_Pdp11||0_partial	CheckV-023878	2	2.11	1388	4.74	29.43	408.49
Q_Shewanella_Pdp11||0_partial	CheckV-048067	2	2.11	1388	4.74	29.39	407.93
Q_Shewanella_Pdp11||0_partial	CheckV-015637	2	2.11	1388	4.74	29.36	407.52
Q_Shewanella_Pdp11||0_partial	CheckV-052139	2	2.11	1388	4.74	29.28	406.41
Q_Shewanella_Pdp11||0_partial	CheckV-060902	2	2.11	1388	4.74	29.18	405.02
Q_Shewanella_Pdp11||0_partial	CheckV-060749	2	2.11	1388	4.74	29.18	405.02
Q_Shewanella_Pdp11||0_partial	CheckV-060768	2	2.11	1388	4.74	29.17	404.88
Q_Shewanella_Pdp11||0_partial	CheckV-028070	2	2.11	1336	4.57	30.11	402.27
Q_Shewanella_Pdp11||0_partial	CheckV-059866	2	2.11	1388	4.74	28.98	402.24
Q_Shewanella_Pdp11||0_partial	CheckV-002316	2	2.11	1388	4.74	28.94	401.69
Q_Shewanella_Pdp11||0_partial	CheckV-003333	2	2.11	1336	4.57	29.95	400.13
Q_Shewanella_Pdp11||0_partial	CheckV-048379	2	2.11	1388	4.74	28.79	399.61
Q_Shewanella_Pdp11||0_partial	CheckV-059860	2	2.11	1388	4.74	28.72	398.63
Q_Shewanella_Pdp11||0_partial	CheckV-059862	2	2.11	1388	4.74	28.72	398.63
Q_Shewanella_Pdp11||0_partial	CheckV-059864	2	2.11	1388	4.74	28.72	398.63
Q_Shewanella_Pdp11||0_partial	CheckV-059869	2	2.11	1388	4.74	28.72	398.63
Q_Shewanella_Pdp11||0_partial	CheckV-020360	2	2.11	1388	4.74	28.57	396.55
Q_Shewanella_Pdp11||0_partial	CheckV-059857	2	2.11	1388	4.74	28.55	396.27
Q_Shewanella_Pdp11||0_partial	CheckV-028504	2	2.11	1388	4.74	28.47	395.16
Q_Shewanella_Pdp11||0_partial	CheckV-059865	2	2.11	1388	4.74	28.46	395.02
Q_Shewanella_Pdp11||0_partial	CheckV-059855	2	2.11	1388	4.74	28.44	394.75
Q_Shewanella_Pdp11||0_partial	CheckV-058725	4	4.21	914	3.12	43.12	394.12
Q_Shewanella_Pdp11||0_partial	CheckV-059859	2	2.11	1388	4.74	28.34	393.36
Q_Shewanella_Pdp11||0_partial	CheckV-059868	2	2.11	1388	4.74	28.34	393.36
Q_Shewanella_Pdp11||0_partial	CheckV-059053	2	2.11	1388	4.74	28.34	393.36
Q_Shewanella_Pdp11||0_partial	CheckV-023907	2	2.11	1388	4.74	28.28	392.53
Q_Shewanella_Pdp11||0_partial	CheckV-051466	2	2.11	1388	4.74	28.23	391.83
Q_Shewanella_Pdp11||0_partial	CheckV-018282	2	2.11	1388	4.74	28.2	391.42
Q_Shewanella_Pdp11||0_partial	CheckV-044901	2	2.11	1388	4.74	28.19	391.28
Q_Shewanella_Pdp11||0_partial	CheckV-059867	2	2.11	1388	4.74	28.06	389.47
Q_Shewanella_Pdp11||0_partial	CheckV-026878	2	2.11	1388	4.74	28.0	388.64
Q_Shewanella_Pdp11||0_partial	CheckV-023526	2	2.11	1388	4.74	27.99	388.5
Q_Shewanella_Pdp11||0_partial	CheckV-023589	2	2.11	1388	4.74	27.95	387.95
Q_Shewanella_Pdp11||0_partial	CheckV-022153	2	2.11	1388	4.74	27.85	386.56
Q_Shewanella_Pdp11||0_partial	CheckV-006482	2	2.11	1388	4.74	27.78	385.59
Q_Shewanella_Pdp11||0_partial	CheckV-037924	2	2.11	1388	4.74	27.69	384.34
Q_Shewanella_Pdp11||0_partial	CheckV-006393	2	2.11	1388	4.74	27.52	381.98
Q_Shewanella_Pdp11||0_partial	CheckV-049705	2	2.11	1388	4.74	27.43	380.73
Q_Shewanella_Pdp11||0_partial	CheckV-025795	2	2.11	1388	4.74	27.41	380.45
Q_Shewanella_Pdp11||0_partial	CheckV-022800	2	2.11	1388	4.74	27.37	379.9
Q_Shewanella_Pdp11||0_partial	CheckV-054237	2	2.11	1388	4.74	27.3	378.92
Q_Shewanella_Pdp11||0_partial	CheckV-059055	2	2.11	1388	4.74	27.27	378.51
Q_Shewanella_Pdp11||0_partial	CheckV-021752	2	2.11	1388	4.74	27.25	378.23
Q_Shewanella_Pdp11||0_partial	CheckV-012422	2	2.11	1388	4.74	27.21	377.67
Q_Shewanella_Pdp11||0_partial	CheckV-003439	2	2.11	1388	4.74	27.16	376.98
Q_Shewanella_Pdp11||0_partial	CheckV-028248	2	2.11	1388	4.74	27.13	376.56
Q_Shewanella_Pdp11||0_partial	CheckV-035283	2	2.11	1388	4.74	27.01	374.9
Q_Shewanella_Pdp11||0_partial	CheckV-022303	2	2.11	1388	4.74	27.01	374.9
Q_Shewanella_Pdp11||0_partial	CheckV-023525	2	2.11	1388	4.74	26.85	372.68
Q_Shewanella_Pdp11||0_partial	CheckV-006982	2	2.11	1388	4.74	26.71	370.73
Q_Shewanella_Pdp11||0_partial	CheckV-013879	2	2.11	1388	4.74	26.63	369.62
Q_Shewanella_Pdp11||0_partial	CheckV-009247	1	1.05	666	2.28	55.2	367.63
Q_Shewanella_Pdp11||0_partial	CheckV-043942	2	2.11	1388	4.74	26.45	367.13
Q_Shewanella_Pdp11||0_partial	CheckV-048055	1	1.05	698	2.39	52.4	365.75
Q_Shewanella_Pdp11||0_partial	CheckV-043619	2	2.11	1388	4.74	26.05	361.57
Q_Shewanella_Pdp11||0_partial	CheckV-020896	2	2.11	1388	4.74	25.9	359.49
Q_Shewanella_Pdp11||0_partial	CheckV-021304	2	2.11	1388	4.74	25.6	355.33
Q_Shewanella_Pdp11||0_partial	CheckV-013737	2	2.11	1388	4.74	25.52	354.22
Q_Shewanella_Pdp11||0_partial	CheckV-011569	2	2.11	1388	4.74	25.11	348.53
Q_Shewanella_Pdp11||0_partial	CheckV-038834	2	2.11	1388	4.74	24.91	345.75
Q_Shewanella_Pdp11||0_partial	CheckV-045265	2	2.11	1085	3.71	30.16	327.24
Q_Shewanella_Pdp11||0_partial	CheckV-054152	2	2.11	1085	3.71	30.09	326.48
Q_Shewanella_Pdp11||0_partial	CheckV-062008	1	1.05	698	2.39	45.8	319.68
Q_Shewanella_Pdp11||0_partial	CheckV-000114	1	1.05	698	2.39	45.1	314.8
Q_Shewanella_Pdp11||0_partial	CheckV-030121	1	1.05	666	2.28	47.0	313.02
Q_Shewanella_Pdp11||0_partial	CheckV-038122	1	1.05	666	2.28	47.0	313.02
Q_Shewanella_Pdp11||0_partial	CheckV-008836	2	2.11	1191	4.07	26.09	310.73
Q_Shewanella_Pdp11||0_partial	CheckV-035053	2	2.11	1191	4.07	25.82	307.52
Q_Shewanella_Pdp11||0_partial	CheckV-037431	2	2.11	1191	4.07	25.82	307.52
Q_Shewanella_Pdp11||0_partial	CheckV-032534	2	2.11	844	2.89	35.85	302.57
Q_Shewanella_Pdp11||0_partial	CheckV-004878	1	1.05	666	2.28	45.3	301.7
Q_Shewanella_Pdp11||0_partial	CheckV-013428	2	2.11	1021	3.49	29.5	301.19
Q_Shewanella_Pdp11||0_partial	CheckV-012412	2	2.11	695	2.38	42.58	295.93
Q_Shewanella_Pdp11||0_partial	CheckV-060465	2	2.11	596	2.04	49.31	293.89
Q_Shewanella_Pdp11||0_partial	CheckV-058655	2	2.11	1060	3.62	27.42	290.65
Q_Shewanella_Pdp11||0_partial	CheckV-014518	2	2.11	944	3.23	29.22	275.84
Q_Shewanella_Pdp11||0_partial	CheckV-018125	2	2.11	774	2.65	35.42	274.15
Q_Shewanella_Pdp11||0_partial	CheckV-035754	1	1.05	666	2.28	40.7	271.06
Q_Shewanella_Pdp11||0_partial	CheckV-023932	1	1.05	666	2.28	40.4	269.06
Q_Shewanella_Pdp11||0_partial	CheckV-037773	1	1.05	666	2.28	40.2	267.73
Q_Shewanella_Pdp11||0_partial	CheckV-058834	1	1.05	666	2.28	39.9	265.73
Q_Shewanella_Pdp11||0_partial	CheckV-020491	2	2.11	737	2.52	35.69	263.04
Q_Shewanella_Pdp11||0_partial	CheckV-003963	1	1.05	670	2.29	39.1	261.97
Q_Shewanella_Pdp11||0_partial	CheckV-028977	1	1.05	759	2.59	34.5	261.86
Q_Shewanella_Pdp11||0_partial	CheckV-023798	1	1.05	759	2.59	34.5	261.86
Q_Shewanella_Pdp11||0_partial	CheckV-041044	1	1.05	666	2.28	39.3	261.74
Q_Shewanella_Pdp11||0_partial	CheckV-025458	1	1.05	759	2.59	34.2	259.58
Q_Shewanella_Pdp11||0_partial	CheckV-023642	1	1.05	759	2.59	34.0	258.06
Q_Shewanella_Pdp11||0_partial	CheckV-022158	1	1.05	759	2.59	33.1	251.23
Q_Shewanella_Pdp11||0_partial	CheckV-048093	1	1.05	666	2.28	37.7	251.08
Q_Shewanella_Pdp11||0_partial	CheckV-019565	1	1.05	666	2.28	37.1	247.09
Q_Shewanella_Pdp11||0_partial	CheckV-033403	2	2.11	734	2.51	33.58	246.48
Q_Shewanella_Pdp11||0_partial	CheckV-001839	2	2.11	906	3.1	27.1	245.53
Q_Shewanella_Pdp11||0_partial	CheckV-006936	1	1.05	759	2.59	32.2	244.4
Q_Shewanella_Pdp11||0_partial	CheckV-001540	1	1.05	759	2.59	32.2	244.4
Q_Shewanella_Pdp11||0_partial	CheckV-029434	1	1.05	759	2.59	32.1	243.64
Q_Shewanella_Pdp11||0_partial	CheckV-023584	1	1.05	759	2.59	31.9	242.12
Q_Shewanella_Pdp11||0_partial	CheckV-019483	1	1.05	629	2.15	38.2	240.28
Q_Shewanella_Pdp11||0_partial	CheckV-011519	1	1.05	670	2.29	35.7	239.19
Q_Shewanella_Pdp11||0_partial	CheckV-021850	1	1.05	759	2.59	31.5	239.09
Q_Shewanella_Pdp11||0_partial	CheckV-023715	1	1.05	759	2.59	31.5	239.09
Q_Shewanella_Pdp11||0_partial	CheckV-024647	1	1.05	759	2.59	31.4	238.33
Q_Shewanella_Pdp11||0_partial	CheckV-006158	1	1.05	759	2.59	31.2	236.81
Q_Shewanella_Pdp11||0_partial	CheckV-027070	1	1.05	759	2.59	31.1	236.05
Q_Shewanella_Pdp11||0_partial	CheckV-006715	1	1.05	629	2.15	37.4	235.25
Q_Shewanella_Pdp11||0_partial	CheckV-010807	1	1.05	670	2.29	34.7	232.49
Q_Shewanella_Pdp11||0_partial	CheckV-060249	1	1.05	666	2.28	34.9	232.43
Q_Shewanella_Pdp11||0_partial	CheckV-019661	1	1.05	670	2.29	34.6	231.82
Q_Shewanella_Pdp11||0_partial	CheckV-022216	1	1.05	759	2.59	30.2	229.22
Q_Shewanella_Pdp11||0_partial	CheckV-059733	1	1.05	666	2.28	34.3	228.44
Q_Shewanella_Pdp11||0_partial	CheckV-018849	1	1.05	670	2.29	34.0	227.8
Q_Shewanella_Pdp11||0_partial	CheckV-038791	1	1.05	759	2.59	29.9	226.94
Q_Shewanella_Pdp11||0_partial	CheckV-021277	1	1.05	759	2.59	29.9	226.94
Q_Shewanella_Pdp11||0_partial	CheckV-006327	1	1.05	759	2.59	29.8	226.18
Q_Shewanella_Pdp11||0_partial	CheckV-028218	1	1.05	759	2.59	29.7	225.42
Q_Shewanella_Pdp11||0_partial	CheckV-028638	1	1.05	759	2.59	29.7	225.42
Q_Shewanella_Pdp11||0_partial	CheckV-058710	1	1.05	666	2.28	33.8	225.11
Q_Shewanella_Pdp11||0_partial	CheckV-011451	1	1.05	666	2.28	33.7	224.44
Q_Shewanella_Pdp11||0_partial	CheckV-019594	1	1.05	666	2.28	33.5	223.11
Q_Shewanella_Pdp11||0_partial	CheckV-038445	1	1.05	759	2.59	29.3	222.39
Q_Shewanella_Pdp11||0_partial	CheckV-027038	1	1.05	759	2.59	29.3	222.39
Q_Shewanella_Pdp11||0_partial	CheckV-025366	1	1.05	759	2.59	29.2	221.63
Q_Shewanella_Pdp11||0_partial	CheckV-011657	1	1.05	759	2.59	29.0	220.11
Q_Shewanella_Pdp11||0_partial	CheckV-055268	1	1.05	759	2.59	29.0	220.11
Q_Shewanella_Pdp11||0_partial	CheckV-009324	1	1.05	666	2.28	33.0	219.78
Q_Shewanella_Pdp11||0_partial	CheckV-032588	1	1.05	666	2.28	32.8	218.45
Q_Shewanella_Pdp11||0_partial	CheckV-011935	1	1.05	666	2.28	32.8	218.45
Q_Shewanella_Pdp11||0_partial	CheckV-018489	1	1.05	666	2.28	32.8	218.45
Q_Shewanella_Pdp11||0_partial	CheckV-008998	1	1.05	759	2.59	28.7	217.83
Q_Shewanella_Pdp11||0_partial	CheckV-004144	1	1.05	759	2.59	28.7	217.83
Q_Shewanella_Pdp11||0_partial	CheckV-010325	1	1.05	666	2.28	32.7	217.78
Q_Shewanella_Pdp11||0_partial	CheckV-029827	1	1.05	666	2.28	32.6	217.12
Q_Shewanella_Pdp11||0_partial	CheckV-012834	1	1.05	666	2.28	32.6	217.12
Q_Shewanella_Pdp11||0_partial	CheckV-004835	1	1.05	666	2.28	32.6	217.12
Q_Shewanella_Pdp11||0_partial	CheckV-011566	1	1.05	670	2.29	32.3	216.41
Q_Shewanella_Pdp11||0_partial	CheckV-002521	1	1.05	629	2.15	34.4	216.38
Q_Shewanella_Pdp11||0_partial	CheckV-015438	1	1.05	759	2.59	28.4	215.56
Q_Shewanella_Pdp11||0_partial	CheckV-019843	1	1.05	759	2.59	28.3	214.8
Q_Shewanella_Pdp11||0_partial	CheckV-052205	1	1.05	530	1.81	40.5	214.65
Q_Shewanella_Pdp11||0_partial	CheckV-009176	2	2.11	491	1.68	43.69	214.52
Q_Shewanella_Pdp11||0_partial	CheckV-032672	1	1.05	666	2.28	32.2	214.45
Q_Shewanella_Pdp11||0_partial	CheckV-027112	1	1.05	666	2.28	32.2	214.45
Q_Shewanella_Pdp11||0_partial	CheckV-010737	1	1.05	759	2.59	28.2	214.04
Q_Shewanella_Pdp11||0_partial	CheckV-018474	1	1.05	759	2.59	28.2	214.04
Q_Shewanella_Pdp11||0_partial	CheckV-000176	1	1.05	666	2.28	32.1	213.79
Q_Shewanella_Pdp11||0_partial	CheckV-045006	2	2.11	596	2.04	35.85	213.67
Q_Shewanella_Pdp11||0_partial	CheckV-023538	1	1.05	759	2.59	28.1	213.28
Q_Shewanella_Pdp11||0_partial	CheckV-023555	1	1.05	629	2.15	33.9	213.23
Q_Shewanella_Pdp11||0_partial	CheckV-012475	1	1.05	666	2.28	32.0	213.12
Q_Shewanella_Pdp11||0_partial	CheckV-003107	1	1.05	759	2.59	28.0	212.52
Q_Shewanella_Pdp11||0_partial	CheckV-026879	1	1.05	629	2.15	33.7	211.97
Q_Shewanella_Pdp11||0_partial	CheckV-014377	1	1.05	759	2.59	27.9	211.76
Q_Shewanella_Pdp11||0_partial	CheckV-038113	1	1.05	759	2.59	27.8	211.0
Q_Shewanella_Pdp11||0_partial	CheckV-026293	1	1.05	629	2.15	33.5	210.72
Q_Shewanella_Pdp11||0_partial	CheckV-006786	1	1.05	629	2.15	33.5	210.72
Q_Shewanella_Pdp11||0_partial	CheckV-037660	1	1.05	666	2.28	31.6	210.46
Q_Shewanella_Pdp11||0_partial	CheckV-035093	1	1.05	666	2.28	31.6	210.46
Q_Shewanella_Pdp11||0_partial	CheckV-021366	1	1.05	759	2.59	27.7	210.24
Q_Shewanella_Pdp11||0_partial	CheckV-046495	1	1.05	629	2.15	33.4	210.09
Q_Shewanella_Pdp11||0_partial	CheckV-047930	1	1.05	629	2.15	33.4	210.09
Q_Shewanella_Pdp11||0_partial	CheckV-023200	1	1.05	666	2.28	31.5	209.79
Q_Shewanella_Pdp11||0_partial	CheckV-027852	1	1.05	666	2.28	31.5	209.79
Q_Shewanella_Pdp11||0_partial	CheckV-036488	1	1.05	666	2.28	31.5	209.79
Q_Shewanella_Pdp11||0_partial	CheckV-037146	1	1.05	666	2.28	31.5	209.79
Q_Shewanella_Pdp11||0_partial	CheckV-024386	1	1.05	666	2.28	31.5	209.79
Q_Shewanella_Pdp11||0_partial	CheckV-006259	1	1.05	666	2.28	31.5	209.79
Q_Shewanella_Pdp11||0_partial	CheckV-037508	1	1.05	666	2.28	31.5	209.79
Q_Shewanella_Pdp11||0_partial	CheckV-037251	1	1.05	666	2.28	31.4	209.12
Q_Shewanella_Pdp11||0_partial	CheckV-015107	1	1.05	666	2.28	31.3	208.46
Q_Shewanella_Pdp11||0_partial	CheckV-053418	1	1.05	666	2.28	31.3	208.46
Q_Shewanella_Pdp11||0_partial	CheckV-022382	1	1.05	629	2.15	33.1	208.2
Q_Shewanella_Pdp11||0_partial	CheckV-027300	1	1.05	629	2.15	33.1	208.2
Q_Shewanella_Pdp11||0_partial	CheckV-031595	1	1.05	759	2.59	27.4	207.97
Q_Shewanella_Pdp11||0_partial	CheckV-032359	1	1.05	666	2.28	31.2	207.79
Q_Shewanella_Pdp11||0_partial	CheckV-001634	1	1.05	666	2.28	31.1	207.13
Q_Shewanella_Pdp11||0_partial	CheckV-021973	1	1.05	666	2.28	31.1	207.13
Q_Shewanella_Pdp11||0_partial	CheckV-011700	1	1.05	666	2.28	31.1	207.13
Q_Shewanella_Pdp11||0_partial	CheckV-026172	1	1.05	666	2.28	31.1	207.13
Q_Shewanella_Pdp11||0_partial	CheckV-037298	1	1.05	666	2.28	31.1	207.13
Q_Shewanella_Pdp11||0_partial	CheckV-015439	1	1.05	629	2.15	32.9	206.94
Q_Shewanella_Pdp11||0_partial	CheckV-032463	1	1.05	666	2.28	31.0	206.46
Q_Shewanella_Pdp11||0_partial	CheckV-036951	1	1.05	759	2.59	27.2	206.45
Q_Shewanella_Pdp11||0_partial	CheckV-017887	1	1.05	666	2.28	30.9	205.79
Q_Shewanella_Pdp11||0_partial	CheckV-059150	1	1.05	759	2.59	27.1	205.69
Q_Shewanella_Pdp11||0_partial	CheckV-055958	1	1.05	355	1.21	57.8	205.19
Q_Shewanella_Pdp11||0_partial	CheckV-055956	1	1.05	355	1.21	57.8	205.19
Q_Shewanella_Pdp11||0_partial	CheckV-030945	1	1.05	666	2.28	30.8	205.13
Q_Shewanella_Pdp11||0_partial	CheckV-015296	1	1.05	666	2.28	30.8	205.13
Q_Shewanella_Pdp11||0_partial	CheckV-025278	1	1.05	666	2.28	30.7	204.46
Q_Shewanella_Pdp11||0_partial	CheckV-024433	1	1.05	666	2.28	30.7	204.46
Q_Shewanella_Pdp11||0_partial	CheckV-029947	1	1.05	666	2.28	30.7	204.46
Q_Shewanella_Pdp11||0_partial	CheckV-022055	1	1.05	629	2.15	32.5	204.43
Q_Shewanella_Pdp11||0_partial	CheckV-022032	1	1.05	759	2.59	26.9	204.17
Q_Shewanella_Pdp11||0_partial	CheckV-048414	1	1.05	355	1.21	57.5	204.12
Q_Shewanella_Pdp11||0_partial	CheckV-023735	1	1.05	759	2.59	26.8	203.41
Q_Shewanella_Pdp11||0_partial	CheckV-016894	1	1.05	666	2.28	30.5	203.13
Q_Shewanella_Pdp11||0_partial	CheckV-015259	1	1.05	666	2.28	30.5	203.13
Q_Shewanella_Pdp11||0_partial	CheckV-038321	1	1.05	666	2.28	30.5	203.13
Q_Shewanella_Pdp11||0_partial	CheckV-037597	1	1.05	666	2.28	30.5	203.13
Q_Shewanella_Pdp11||0_partial	CheckV-027668	1	1.05	666	2.28	30.4	202.46
Q_Shewanella_Pdp11||0_partial	CheckV-021099	1	1.05	666	2.28	30.4	202.46
Q_Shewanella_Pdp11||0_partial	CheckV-019965	1	1.05	666	2.28	30.4	202.46
Q_Shewanella_Pdp11||0_partial	CheckV-026219	1	1.05	629	2.15	32.1	201.91
Q_Shewanella_Pdp11||0_partial	CheckV-029378	1	1.05	629	2.15	32.1	201.91
Q_Shewanella_Pdp11||0_partial	CheckV-036997	1	1.05	666	2.28	30.3	201.8
Q_Shewanella_Pdp11||0_partial	CheckV-020078	1	1.05	666	2.28	30.3	201.8
Q_Shewanella_Pdp11||0_partial	CheckV-015437	1	1.05	629	2.15	32.0	201.28
Q_Shewanella_Pdp11||0_partial	CheckV-013285	1	1.05	666	2.28	30.2	201.13
Q_Shewanella_Pdp11||0_partial	CheckV-044325	1	1.05	759	2.59	26.5	201.13
Q_Shewanella_Pdp11||0_partial	CheckV-020476	1	1.05	666	2.28	30.1	200.47
Q_Shewanella_Pdp11||0_partial	CheckV-025796	1	1.05	759	2.59	26.4	200.38
Q_Shewanella_Pdp11||0_partial	CheckV-027843	1	1.05	666	2.28	30.0	199.8
Q_Shewanella_Pdp11||0_partial	CheckV-028140	1	1.05	666	2.28	30.0	199.8
Q_Shewanella_Pdp11||0_partial	CheckV-026770	1	1.05	759	2.59	26.3	199.62
Q_Shewanella_Pdp11||0_partial	CheckV-002153	1	1.05	629	2.15	31.7	199.39
Q_Shewanella_Pdp11||0_partial	CheckV-012855	1	1.05	666	2.28	29.9	199.13
Q_Shewanella_Pdp11||0_partial	CheckV-009095	1	1.05	666	2.28	29.9	199.13
Q_Shewanella_Pdp11||0_partial	CheckV-007782	1	1.05	666	2.28	29.9	199.13
Q_Shewanella_Pdp11||0_partial	CheckV-005999	1	1.05	670	2.29	29.7	198.99
Q_Shewanella_Pdp11||0_partial	CheckV-029465	1	1.05	759	2.59	26.2	198.86
Q_Shewanella_Pdp11||0_partial	CheckV-001972	1	1.05	629	2.15	31.6	198.76
Q_Shewanella_Pdp11||0_partial	CheckV-044256	1	1.05	629	2.15	31.6	198.76
Q_Shewanella_Pdp11||0_partial	CheckV-009998	1	1.05	666	2.28	29.8	198.47
Q_Shewanella_Pdp11||0_partial	CheckV-014138	1	1.05	759	2.59	26.1	198.1
Q_Shewanella_Pdp11||0_partial	CheckV-024235	1	1.05	759	2.59	26.1	198.1
Q_Shewanella_Pdp11||0_partial	CheckV-023759	1	1.05	759	2.59	26.1	198.1
Q_Shewanella_Pdp11||0_partial	CheckV-026195	1	1.05	666	2.28	29.7	197.8
Q_Shewanella_Pdp11||0_partial	CheckV-014659	1	1.05	666	2.28	29.7	197.8
Q_Shewanella_Pdp11||0_partial	CheckV-006908	1	1.05	759	2.59	26.0	197.34
Q_Shewanella_Pdp11||0_partial	CheckV-007065	1	1.05	759	2.59	26.0	197.34
Q_Shewanella_Pdp11||0_partial	CheckV-001635	1	1.05	666	2.28	29.6	197.14
Q_Shewanella_Pdp11||0_partial	CheckV-029615	1	1.05	666	2.28	29.6	197.14
Q_Shewanella_Pdp11||0_partial	CheckV-010185	1	1.05	666	2.28	29.6	197.14
Q_Shewanella_Pdp11||0_partial	CheckV-028500	1	1.05	666	2.28	29.6	197.14
Q_Shewanella_Pdp11||0_partial	CheckV-023534	1	1.05	666	2.28	29.6	197.14
Q_Shewanella_Pdp11||0_partial	CheckV-035722	1	1.05	629	2.15	31.3	196.88
Q_Shewanella_Pdp11||0_partial	CheckV-002494	1	1.05	629	2.15	31.3	196.88
Q_Shewanella_Pdp11||0_partial	CheckV-020766	1	1.05	629	2.15	31.3	196.88
Q_Shewanella_Pdp11||0_partial	CheckV-049820	1	1.05	666	2.28	29.5	196.47
Q_Shewanella_Pdp11||0_partial	CheckV-006779	1	1.05	629	2.15	31.2	196.25
Q_Shewanella_Pdp11||0_partial	CheckV-051512	2	2.11	491	1.68	39.93	196.06
Q_Shewanella_Pdp11||0_partial	CheckV-027932	1	1.05	666	2.28	29.4	195.8
Q_Shewanella_Pdp11||0_partial	CheckV-032523	1	1.05	666	2.28	29.4	195.8
Q_Shewanella_Pdp11||0_partial	CheckV-014836	1	1.05	666	2.28	29.4	195.8
Q_Shewanella_Pdp11||0_partial	CheckV-042259	1	1.05	666	2.28	29.4	195.8
Q_Shewanella_Pdp11||0_partial	CheckV-044547	1	1.05	666	2.28	29.4	195.8
Q_Shewanella_Pdp11||0_partial	CheckV-014623	1	1.05	666	2.28	29.4	195.8
Q_Shewanella_Pdp11||0_partial	CheckV-059666	1	1.05	666	2.28	29.4	195.8
Q_Shewanella_Pdp11||0_partial	CheckV-059262	1	1.05	666	2.28	29.4	195.8
Q_Shewanella_Pdp11||0_partial	CheckV-051428	1	1.05	629	2.15	31.1	195.62
Q_Shewanella_Pdp11||0_partial	CheckV-024270	1	1.05	629	2.15	31.1	195.62
Q_Shewanella_Pdp11||0_partial	CheckV-018299	1	1.05	666	2.28	29.3	195.14
Q_Shewanella_Pdp11||0_partial	CheckV-031630	1	1.05	666	2.28	29.3	195.14
Q_Shewanella_Pdp11||0_partial	CheckV-021018	1	1.05	666	2.28	29.3	195.14
Q_Shewanella_Pdp11||0_partial	CheckV-058867	1	1.05	666	2.28	29.3	195.14
Q_Shewanella_Pdp11||0_partial	CheckV-023607	1	1.05	759	2.59	25.7	195.06
Q_Shewanella_Pdp11||0_partial	CheckV-014237	1	1.05	629	2.15	31.0	194.99
Q_Shewanella_Pdp11||0_partial	CheckV-026145	1	1.05	629	2.15	31.0	194.99
Q_Shewanella_Pdp11||0_partial	CheckV-049711	1	1.05	666	2.28	29.2	194.47
Q_Shewanella_Pdp11||0_partial	CheckV-052280	1	1.05	666	2.28	29.2	194.47
Q_Shewanella_Pdp11||0_partial	CheckV-023899	1	1.05	666	2.28	29.2	194.47
Q_Shewanella_Pdp11||0_partial	CheckV-035434	1	1.05	759	2.59	25.6	194.3
Q_Shewanella_Pdp11||0_partial	CheckV-013211	2	2.11	528	1.8	36.71	193.83
Q_Shewanella_Pdp11||0_partial	CheckV-048208	1	1.05	355	1.21	54.6	193.83
Q_Shewanella_Pdp11||0_partial	CheckV-024429	1	1.05	666	2.28	29.1	193.81
Q_Shewanella_Pdp11||0_partial	CheckV-026428	1	1.05	666	2.28	29.1	193.81
Q_Shewanella_Pdp11||0_partial	CheckV-006734	1	1.05	666	2.28	29.1	193.81
Q_Shewanella_Pdp11||0_partial	CheckV-001810	1	1.05	666	2.28	29.1	193.81
Q_Shewanella_Pdp11||0_partial	CheckV-030108	1	1.05	666	2.28	29.0	193.14
Q_Shewanella_Pdp11||0_partial	CheckV-001709	1	1.05	666	2.28	29.0	193.14
Q_Shewanella_Pdp11||0_partial	CheckV-013889	1	1.05	629	2.15	30.7	193.1
Q_Shewanella_Pdp11||0_partial	CheckV-014145	1	1.05	629	2.15	30.7	193.1
Q_Shewanella_Pdp11||0_partial	CheckV-010651	1	1.05	629	2.15	30.7	193.1
Q_Shewanella_Pdp11||0_partial	CheckV-059027	1	1.05	629	2.15	30.7	193.1
Q_Shewanella_Pdp11||0_partial	CheckV-012481	1	1.05	759	2.59	25.4	192.79
Q_Shewanella_Pdp11||0_partial	CheckV-035424	1	1.05	666	2.28	28.9	192.47
Q_Shewanella_Pdp11||0_partial	CheckV-019105	1	1.05	666	2.28	28.9	192.47
Q_Shewanella_Pdp11||0_partial	CheckV-047960	1	1.05	666	2.28	28.9	192.47
Q_Shewanella_Pdp11||0_partial	CheckV-020770	1	1.05	629	2.15	30.6	192.47
Q_Shewanella_Pdp11||0_partial	CheckV-014953	1	1.05	629	2.15	30.6	192.47
Q_Shewanella_Pdp11||0_partial	CheckV-002497	1	1.05	629	2.15	30.6	192.47
Q_Shewanella_Pdp11||0_partial	CheckV-023627	1	1.05	629	2.15	30.6	192.47
Q_Shewanella_Pdp11||0_partial	CheckV-001258	1	1.05	670	2.29	28.7	192.29
Q_Shewanella_Pdp11||0_partial	CheckV-048275	1	1.05	355	1.21	54.1	192.06
Q_Shewanella_Pdp11||0_partial	CheckV-023821	1	1.05	759	2.59	25.3	192.03
Q_Shewanella_Pdp11||0_partial	CheckV-038663	1	1.05	629	2.15	30.5	191.84
Q_Shewanella_Pdp11||0_partial	CheckV-040559	2	2.11	528	1.8	36.27	191.51
Q_Shewanella_Pdp11||0_partial	CheckV-006958	1	1.05	759	2.59	25.2	191.27
Q_Shewanella_Pdp11||0_partial	CheckV-021911	1	1.05	629	2.15	30.4	191.22
Q_Shewanella_Pdp11||0_partial	CheckV-059606	1	1.05	666	2.28	28.7	191.14
Q_Shewanella_Pdp11||0_partial	CheckV-023718	1	1.05	629	2.15	30.3	190.59
Q_Shewanella_Pdp11||0_partial	CheckV-035129	1	1.05	629	2.15	30.3	190.59
Q_Shewanella_Pdp11||0_partial	CheckV-024619	1	1.05	759	2.59	25.1	190.51
Q_Shewanella_Pdp11||0_partial	CheckV-029830	1	1.05	666	2.28	28.6	190.48
Q_Shewanella_Pdp11||0_partial	CheckV-017989	1	1.05	666	2.28	28.6	190.48
Q_Shewanella_Pdp11||0_partial	CheckV-026855	1	1.05	666	2.28	28.6	190.48
Q_Shewanella_Pdp11||0_partial	CheckV-038643	1	1.05	629	2.15	30.2	189.96
Q_Shewanella_Pdp11||0_partial	CheckV-012399	1	1.05	629	2.15	30.2	189.96
Q_Shewanella_Pdp11||0_partial	CheckV-038831	1	1.05	629	2.15	30.2	189.96
Q_Shewanella_Pdp11||0_partial	CheckV-046106	1	1.05	666	2.28	28.5	189.81
Q_Shewanella_Pdp11||0_partial	CheckV-002966	1	1.05	629	2.15	30.1	189.33
Q_Shewanella_Pdp11||0_partial	CheckV-005525	1	1.05	666	2.28	28.4	189.14
Q_Shewanella_Pdp11||0_partial	CheckV-005591	1	1.05	666	2.28	28.4	189.14
Q_Shewanella_Pdp11||0_partial	CheckV-051574	1	1.05	666	2.28	28.4	189.14
Q_Shewanella_Pdp11||0_partial	CheckV-024481	1	1.05	666	2.28	28.4	189.14
Q_Shewanella_Pdp11||0_partial	CheckV-046198	1	1.05	629	2.15	30.0	188.7
Q_Shewanella_Pdp11||0_partial	CheckV-022546	1	1.05	629	2.15	30.0	188.7
Q_Shewanella_Pdp11||0_partial	CheckV-023837	1	1.05	666	2.28	28.3	188.48
Q_Shewanella_Pdp11||0_partial	CheckV-023381	1	1.05	666	2.28	28.3	188.48
Q_Shewanella_Pdp11||0_partial	CheckV-018360	1	1.05	666	2.28	28.3	188.48
Q_Shewanella_Pdp11||0_partial	CheckV-014316	1	1.05	629	2.15	29.9	188.07
Q_Shewanella_Pdp11||0_partial	CheckV-023711	1	1.05	629	2.15	29.9	188.07
Q_Shewanella_Pdp11||0_partial	CheckV-029243	1	1.05	629	2.15	29.9	188.07
Q_Shewanella_Pdp11||0_partial	CheckV-061197	1	1.05	629	2.15	29.9	188.07
Q_Shewanella_Pdp11||0_partial	CheckV-023500	1	1.05	629	2.15	29.9	188.07
Q_Shewanella_Pdp11||0_partial	CheckV-014895	1	1.05	666	2.28	28.2	187.81
Q_Shewanella_Pdp11||0_partial	CheckV-056538	1	1.05	666	2.28	28.2	187.81
Q_Shewanella_Pdp11||0_partial	CheckV-008514	1	1.05	666	2.28	28.2	187.81
Q_Shewanella_Pdp11||0_partial	CheckV-005025	1	1.05	666	2.28	28.2	187.81
Q_Shewanella_Pdp11||0_partial	CheckV-018055	1	1.05	666	2.28	28.2	187.81
Q_Shewanella_Pdp11||0_partial	CheckV-022063	1	1.05	759	2.59	24.7	187.47
Q_Shewanella_Pdp11||0_partial	CheckV-001411	1	1.05	629	2.15	29.8	187.44
Q_Shewanella_Pdp11||0_partial	CheckV-035076	1	1.05	666	2.28	28.1	187.15
Q_Shewanella_Pdp11||0_partial	CheckV-015272	1	1.05	666	2.28	28.1	187.15
Q_Shewanella_Pdp11||0_partial	CheckV-038128	1	1.05	666	2.28	28.1	187.15
Q_Shewanella_Pdp11||0_partial	CheckV-021902	1	1.05	666	2.28	28.1	187.15
Q_Shewanella_Pdp11||0_partial	CheckV-002102	1	1.05	666	2.28	28.1	187.15
Q_Shewanella_Pdp11||0_partial	CheckV-029170	1	1.05	666	2.28	28.1	187.15
Q_Shewanella_Pdp11||0_partial	CheckV-030109	1	1.05	666	2.28	28.1	187.15
Q_Shewanella_Pdp11||0_partial	CheckV-012742	1	1.05	666	2.28	28.1	187.15
Q_Shewanella_Pdp11||0_partial	CheckV-024725	1	1.05	629	2.15	29.7	186.81
Q_Shewanella_Pdp11||0_partial	CheckV-009184	1	1.05	666	2.28	28.0	186.48
Q_Shewanella_Pdp11||0_partial	CheckV-023194	1	1.05	666	2.28	28.0	186.48
Q_Shewanella_Pdp11||0_partial	CheckV-015883	1	1.05	666	2.28	28.0	186.48
Q_Shewanella_Pdp11||0_partial	CheckV-049710	1	1.05	698	2.39	26.7	186.37
Q_Shewanella_Pdp11||0_partial	CheckV-021086	1	1.05	629	2.15	29.6	186.18
Q_Shewanella_Pdp11||0_partial	CheckV-045709	1	1.05	629	2.15	29.6	186.18
Q_Shewanella_Pdp11||0_partial	CheckV-006513	1	1.05	629	2.15	29.6	186.18
Q_Shewanella_Pdp11||0_partial	CheckV-023536	1	1.05	629	2.15	29.6	186.18
Q_Shewanella_Pdp11||0_partial	CheckV-060273	1	1.05	355	1.21	52.4	186.02
Q_Shewanella_Pdp11||0_partial	CheckV-014213	1	1.05	759	2.59	24.5	185.96
Q_Shewanella_Pdp11||0_partial	CheckV-008949	1	1.05	666	2.28	27.9	185.81
Q_Shewanella_Pdp11||0_partial	CheckV-054011	1	1.05	698	2.39	26.6	185.67
Q_Shewanella_Pdp11||0_partial	CheckV-048405	1	1.05	629	2.15	29.5	185.56
Q_Shewanella_Pdp11||0_partial	CheckV-023510	1	1.05	629	2.15	29.5	185.56
Q_Shewanella_Pdp11||0_partial	CheckV-013995	1	1.05	666	2.28	27.8	185.15
Q_Shewanella_Pdp11||0_partial	CheckV-002218	1	1.05	666	2.28	27.8	185.15
Q_Shewanella_Pdp11||0_partial	CheckV-021680	1	1.05	666	2.28	27.8	185.15
Q_Shewanella_Pdp11||0_partial	CheckV-022545	1	1.05	666	2.28	27.7	184.48
Q_Shewanella_Pdp11||0_partial	CheckV-059846	1	1.05	629	2.15	29.3	184.3
Q_Shewanella_Pdp11||0_partial	CheckV-059849	1	1.05	629	2.15	29.3	184.3
Q_Shewanella_Pdp11||0_partial	CheckV-059852	1	1.05	629	2.15	29.3	184.3
Q_Shewanella_Pdp11||0_partial	CheckV-045042	1	1.05	629	2.15	29.3	184.3
Q_Shewanella_Pdp11||0_partial	CheckV-048078	1	1.05	698	2.39	26.4	184.27
Q_Shewanella_Pdp11||0_partial	CheckV-028519	1	1.05	666	2.28	27.6	183.82
Q_Shewanella_Pdp11||0_partial	CheckV-014026	1	1.05	629	2.15	29.2	183.67
Q_Shewanella_Pdp11||0_partial	CheckV-022914	1	1.05	629	2.15	29.2	183.67
Q_Shewanella_Pdp11||0_partial	CheckV-027192	1	1.05	629	2.15	29.2	183.67
Q_Shewanella_Pdp11||0_partial	CheckV-059845	1	1.05	629	2.15	29.2	183.67
Q_Shewanella_Pdp11||0_partial	CheckV-059847	1	1.05	629	2.15	29.2	183.67
Q_Shewanella_Pdp11||0_partial	CheckV-059848	1	1.05	629	2.15	29.2	183.67
Q_Shewanella_Pdp11||0_partial	CheckV-059850	1	1.05	629	2.15	29.2	183.67
Q_Shewanella_Pdp11||0_partial	CheckV-059851	1	1.05	629	2.15	29.2	183.67
Q_Shewanella_Pdp11||0_partial	CheckV-029579	1	1.05	629	2.15	29.2	183.67
Q_Shewanella_Pdp11||0_partial	CheckV-059012	1	1.05	629	2.15	29.2	183.67
Q_Shewanella_Pdp11||0_partial	CheckV-048306	1	1.05	698	2.39	26.3	183.57
Q_Shewanella_Pdp11||0_partial	CheckV-030123	1	1.05	666	2.28	27.5	183.15
Q_Shewanella_Pdp11||0_partial	CheckV-058748	1	1.05	666	2.28	27.5	183.15
Q_Shewanella_Pdp11||0_partial	CheckV-030113	1	1.05	666	2.28	27.5	183.15
Q_Shewanella_Pdp11||0_partial	CheckV-014405	1	1.05	666	2.28	27.5	183.15
Q_Shewanella_Pdp11||0_partial	CheckV-059261	1	1.05	666	2.28	27.5	183.15
Q_Shewanella_Pdp11||0_partial	CheckV-014024	1	1.05	629	2.15	29.1	183.04
Q_Shewanella_Pdp11||0_partial	CheckV-035143	1	1.05	666	2.28	27.4	182.48
Q_Shewanella_Pdp11||0_partial	CheckV-033367	1	1.05	666	2.28	27.4	182.48
Q_Shewanella_Pdp11||0_partial	CheckV-044064	1	1.05	629	2.15	29.0	182.41
Q_Shewanella_Pdp11||0_partial	CheckV-008066	1	1.05	629	2.15	29.0	182.41
Q_Shewanella_Pdp11||0_partial	CheckV-058656	1	1.05	698	2.39	26.1	182.18
Q_Shewanella_Pdp11||0_partial	CheckV-036659	1	1.05	666	2.28	27.3	181.82
Q_Shewanella_Pdp11||0_partial	CheckV-032249	1	1.05	666	2.28	27.3	181.82
Q_Shewanella_Pdp11||0_partial	CheckV-058428	1	1.05	666	2.28	27.3	181.82
Q_Shewanella_Pdp11||0_partial	CheckV-011560	1	1.05	666	2.28	27.3	181.82
Q_Shewanella_Pdp11||0_partial	CheckV-018349	1	1.05	629	2.15	28.9	181.78
Q_Shewanella_Pdp11||0_partial	CheckV-006627	1	1.05	629	2.15	28.9	181.78
Q_Shewanella_Pdp11||0_partial	CheckV-025068	1	1.05	666	2.28	27.2	181.15
Q_Shewanella_Pdp11||0_partial	CheckV-013757	1	1.05	666	2.28	27.2	181.15
Q_Shewanella_Pdp11||0_partial	CheckV-013726	1	1.05	666	2.28	27.2	181.15
Q_Shewanella_Pdp11||0_partial	CheckV-020522	1	1.05	666	2.28	27.2	181.15
Q_Shewanella_Pdp11||0_partial	CheckV-039088	1	1.05	629	2.15	28.8	181.15
Q_Shewanella_Pdp11||0_partial	CheckV-037471	1	1.05	629	2.15	28.8	181.15
Q_Shewanella_Pdp11||0_partial	CheckV-006774	1	1.05	629	2.15	28.8	181.15
Q_Shewanella_Pdp11||0_partial	CheckV-023547	1	1.05	629	2.15	28.7	180.52
Q_Shewanella_Pdp11||0_partial	CheckV-037050	1	1.05	666	2.28	27.1	180.49
Q_Shewanella_Pdp11||0_partial	CheckV-037907	1	1.05	666	2.28	27.1	180.49
Q_Shewanella_Pdp11||0_partial	CheckV-037755	1	1.05	666	2.28	27.1	180.49
Q_Shewanella_Pdp11||0_partial	CheckV-004349	1	1.05	355	1.21	50.8	180.34
Q_Shewanella_Pdp11||0_partial	CheckV-014159	1	1.05	629	2.15	28.6	179.89
Q_Shewanella_Pdp11||0_partial	CheckV-022735	1	1.05	629	2.15	28.6	179.89
Q_Shewanella_Pdp11||0_partial	CheckV-014117	1	1.05	629	2.15	28.6	179.89
Q_Shewanella_Pdp11||0_partial	CheckV-017025	1	1.05	629	2.15	28.6	179.89
Q_Shewanella_Pdp11||0_partial	CheckV-029252	1	1.05	629	2.15	28.6	179.89
Q_Shewanella_Pdp11||0_partial	CheckV-008458	1	1.05	666	2.28	27.0	179.82
Q_Shewanella_Pdp11||0_partial	CheckV-018424	1	1.05	666	2.28	27.0	179.82
Q_Shewanella_Pdp11||0_partial	CheckV-020897	1	1.05	629	2.15	28.5	179.26
Q_Shewanella_Pdp11||0_partial	CheckV-038848	1	1.05	629	2.15	28.5	179.26
Q_Shewanella_Pdp11||0_partial	CheckV-014125	1	1.05	629	2.15	28.5	179.26
Q_Shewanella_Pdp11||0_partial	CheckV-020290	1	1.05	629	2.15	28.5	179.26
Q_Shewanella_Pdp11||0_partial	CheckV-014834	1	1.05	629	2.15	28.5	179.26
Q_Shewanella_Pdp11||0_partial	CheckV-019328	1	1.05	666	2.28	26.9	179.15
Q_Shewanella_Pdp11||0_partial	CheckV-059260	1	1.05	666	2.28	26.9	179.15
Q_Shewanella_Pdp11||0_partial	CheckV-029145	1	1.05	666	2.28	26.9	179.15
Q_Shewanella_Pdp11||0_partial	CheckV-023713	1	1.05	666	2.28	26.9	179.15
Q_Shewanella_Pdp11||0_partial	CheckV-037778	1	1.05	666	2.28	26.9	179.15
Q_Shewanella_Pdp11||0_partial	CheckV-029133	1	1.05	666	2.28	26.9	179.15
Q_Shewanella_Pdp11||0_partial	CheckV-006798	1	1.05	666	2.28	26.9	179.15
Q_Shewanella_Pdp11||0_partial	CheckV-029406	1	1.05	666	2.28	26.9	179.15
Q_Shewanella_Pdp11||0_partial	CheckV-037795	1	1.05	666	2.28	26.9	179.15
Q_Shewanella_Pdp11||0_partial	CheckV-021747	1	1.05	666	2.28	26.9	179.15
Q_Shewanella_Pdp11||0_partial	CheckV-007974	1	1.05	666	2.28	26.9	179.15
Q_Shewanella_Pdp11||0_partial	CheckV-001276	1	1.05	629	2.15	28.4	178.64
Q_Shewanella_Pdp11||0_partial	CheckV-002264	1	1.05	629	2.15	28.4	178.64
Q_Shewanella_Pdp11||0_partial	CheckV-024934	1	1.05	666	2.28	26.8	178.49
Q_Shewanella_Pdp11||0_partial	CheckV-024988	1	1.05	666	2.28	26.8	178.49
Q_Shewanella_Pdp11||0_partial	CheckV-030119	1	1.05	666	2.28	26.8	178.49
Q_Shewanella_Pdp11||0_partial	CheckV-059856	1	1.05	629	2.15	28.3	178.01
Q_Shewanella_Pdp11||0_partial	CheckV-059858	1	1.05	629	2.15	28.3	178.01
Q_Shewanella_Pdp11||0_partial	CheckV-022721	1	1.05	666	2.28	26.7	177.82
Q_Shewanella_Pdp11||0_partial	CheckV-014582	1	1.05	666	2.28	26.7	177.82
Q_Shewanella_Pdp11||0_partial	CheckV-029120	1	1.05	666	2.28	26.7	177.82
Q_Shewanella_Pdp11||0_partial	CheckV-026375	1	1.05	666	2.28	26.7	177.82
Q_Shewanella_Pdp11||0_partial	CheckV-059264	1	1.05	666	2.28	26.7	177.82
Q_Shewanella_Pdp11||0_partial	CheckV-059863	1	1.05	629	2.15	28.2	177.38
Q_Shewanella_Pdp11||0_partial	CheckV-022011	1	1.05	629	2.15	28.2	177.38
Q_Shewanella_Pdp11||0_partial	CheckV-037782	1	1.05	629	2.15	28.2	177.38
Q_Shewanella_Pdp11||0_partial	CheckV-006591	1	1.05	629	2.15	28.2	177.38
Q_Shewanella_Pdp11||0_partial	CheckV-031535	1	1.05	666	2.28	26.6	177.16
Q_Shewanella_Pdp11||0_partial	CheckV-029086	1	1.05	666	2.28	26.6	177.16
Q_Shewanella_Pdp11||0_partial	CheckV-049819	1	1.05	666	2.28	26.6	177.16
Q_Shewanella_Pdp11||0_partial	CheckV-023612	1	1.05	666	2.28	26.6	177.16
Q_Shewanella_Pdp11||0_partial	CheckV-038152	1	1.05	666	2.28	26.6	177.16
Q_Shewanella_Pdp11||0_partial	CheckV-033353	1	1.05	666	2.28	26.6	177.16
Q_Shewanella_Pdp11||0_partial	CheckV-022163	1	1.05	629	2.15	28.1	176.75
Q_Shewanella_Pdp11||0_partial	CheckV-042332	1	1.05	629	2.15	28.1	176.75
Q_Shewanella_Pdp11||0_partial	CheckV-038330	1	1.05	629	2.15	28.1	176.75
Q_Shewanella_Pdp11||0_partial	CheckV-048964	1	1.05	666	2.28	26.5	176.49
Q_Shewanella_Pdp11||0_partial	CheckV-029971	1	1.05	666	2.28	26.5	176.49
Q_Shewanella_Pdp11||0_partial	CheckV-011179	1	1.05	629	2.15	28.0	176.12
Q_Shewanella_Pdp11||0_partial	CheckV-021783	1	1.05	629	2.15	28.0	176.12
Q_Shewanella_Pdp11||0_partial	CheckV-052181	1	1.05	629	2.15	28.0	176.12
Q_Shewanella_Pdp11||0_partial	CheckV-059861	1	1.05	629	2.15	28.0	176.12
Q_Shewanella_Pdp11||0_partial	CheckV-037889	1	1.05	629	2.15	28.0	176.12
Q_Shewanella_Pdp11||0_partial	CheckV-026953	1	1.05	629	2.15	28.0	176.12
Q_Shewanella_Pdp11||0_partial	CheckV-006935	1	1.05	629	2.15	28.0	176.12
Q_Shewanella_Pdp11||0_partial	CheckV-032154	1	1.05	666	2.28	26.4	175.82
Q_Shewanella_Pdp11||0_partial	CheckV-025036	1	1.05	666	2.28	26.4	175.82
Q_Shewanella_Pdp11||0_partial	CheckV-036904	1	1.05	666	2.28	26.4	175.82
Q_Shewanella_Pdp11||0_partial	CheckV-001294	1	1.05	666	2.28	26.4	175.82
Q_Shewanella_Pdp11||0_partial	CheckV-010332	1	1.05	666	2.28	26.4	175.82
Q_Shewanella_Pdp11||0_partial	CheckV-028257	1	1.05	666	2.28	26.4	175.82
Q_Shewanella_Pdp11||0_partial	CheckV-015942	1	1.05	666	2.28	26.4	175.82
Q_Shewanella_Pdp11||0_partial	CheckV-035259	1	1.05	629	2.15	27.9	175.49
Q_Shewanella_Pdp11||0_partial	CheckV-023700	1	1.05	629	2.15	27.9	175.49
Q_Shewanella_Pdp11||0_partial	CheckV-022062	1	1.05	629	2.15	27.9	175.49
Q_Shewanella_Pdp11||0_partial	CheckV-025977	1	1.05	629	2.15	27.9	175.49
Q_Shewanella_Pdp11||0_partial	CheckV-006788	1	1.05	629	2.15	27.7	174.23
Q_Shewanella_Pdp11||0_partial	CheckV-052138	1	1.05	629	2.15	27.7	174.23
Q_Shewanella_Pdp11||0_partial	CheckV-045170	1	1.05	629	2.15	27.7	174.23
Q_Shewanella_Pdp11||0_partial	CheckV-045015	1	1.05	629	2.15	27.6	173.6
Q_Shewanella_Pdp11||0_partial	CheckV-056703	1	1.05	629	2.15	27.6	173.6
Q_Shewanella_Pdp11||0_partial	CheckV-026583	1	1.05	666	2.28	26.0	173.16
Q_Shewanella_Pdp11||0_partial	CheckV-000229	1	1.05	666	2.28	26.0	173.16
Q_Shewanella_Pdp11||0_partial	CheckV-021368	1	1.05	629	2.15	27.5	172.97
Q_Shewanella_Pdp11||0_partial	CheckV-022553	1	1.05	629	2.15	27.5	172.97
Q_Shewanella_Pdp11||0_partial	CheckV-015444	1	1.05	629	2.15	27.5	172.97
Q_Shewanella_Pdp11||0_partial	CheckV-020656	1	1.05	629	2.15	27.5	172.97
Q_Shewanella_Pdp11||0_partial	CheckV-006070	1	1.05	629	2.15	27.5	172.97
Q_Shewanella_Pdp11||0_partial	CheckV-005564	1	1.05	629	2.15	27.5	172.97
Q_Shewanella_Pdp11||0_partial	CheckV-032515	1	1.05	629	2.15	27.4	172.35
Q_Shewanella_Pdp11||0_partial	CheckV-010595	1	1.05	666	2.28	25.8	171.83
Q_Shewanella_Pdp11||0_partial	CheckV-025424	1	1.05	629	2.15	27.3	171.72
Q_Shewanella_Pdp11||0_partial	CheckV-005510	1	1.05	629	2.15	27.3	171.72
Q_Shewanella_Pdp11||0_partial	CheckV-017810	1	1.05	587	2.01	29.2	171.4
Q_Shewanella_Pdp11||0_partial	CheckV-021574	1	1.05	666	2.28	25.7	171.16
Q_Shewanella_Pdp11||0_partial	CheckV-022001	1	1.05	629	2.15	27.2	171.09
Q_Shewanella_Pdp11||0_partial	CheckV-028430	1	1.05	629	2.15	27.2	171.09
Q_Shewanella_Pdp11||0_partial	CheckV-024950	1	1.05	629	2.15	27.2	171.09
Q_Shewanella_Pdp11||0_partial	CheckV-022147	1	1.05	629	2.15	27.2	171.09
Q_Shewanella_Pdp11||0_partial	CheckV-013141	1	1.05	666	2.28	25.6	170.5
Q_Shewanella_Pdp11||0_partial	CheckV-028536	1	1.05	629	2.15	27.1	170.46
Q_Shewanella_Pdp11||0_partial	CheckV-035945	1	1.05	629	2.15	27.1	170.46
Q_Shewanella_Pdp11||0_partial	CheckV-026993	1	1.05	666	2.28	25.5	169.83
Q_Shewanella_Pdp11||0_partial	CheckV-048119	1	1.05	629	2.15	27.0	169.83
Q_Shewanella_Pdp11||0_partial	CheckV-059757	1	1.05	629	2.15	27.0	169.83
Q_Shewanella_Pdp11||0_partial	CheckV-010849	1	1.05	629	2.15	27.0	169.83
Q_Shewanella_Pdp11||0_partial	CheckV-022125	1	1.05	629	2.15	27.0	169.83
Q_Shewanella_Pdp11||0_partial	CheckV-031533	1	1.05	355	1.21	47.7	169.34
Q_Shewanella_Pdp11||0_partial	CheckV-059572	1	1.05	629	2.15	26.9	169.2
Q_Shewanella_Pdp11||0_partial	CheckV-006992	1	1.05	629	2.15	26.9	169.2
Q_Shewanella_Pdp11||0_partial	CheckV-050446	1	1.05	629	2.15	26.8	168.57
Q_Shewanella_Pdp11||0_partial	CheckV-058930	1	1.05	629	2.15	26.8	168.57
Q_Shewanella_Pdp11||0_partial	CheckV-054208	1	1.05	629	2.15	26.8	168.57
Q_Shewanella_Pdp11||0_partial	CheckV-037595	1	1.05	666	2.28	25.3	168.5
Q_Shewanella_Pdp11||0_partial	CheckV-053419	1	1.05	629	2.15	26.7	167.94
Q_Shewanella_Pdp11||0_partial	CheckV-046032	1	1.05	629	2.15	26.7	167.94
Q_Shewanella_Pdp11||0_partial	CheckV-045981	1	1.05	629	2.15	26.7	167.94
Q_Shewanella_Pdp11||0_partial	CheckV-009001	1	1.05	629	2.15	26.7	167.94
Q_Shewanella_Pdp11||0_partial	CheckV-053413	1	1.05	670	2.29	25.0	167.5
Q_Shewanella_Pdp11||0_partial	CheckV-056507	1	1.05	629	2.15	26.6	167.31
Q_Shewanella_Pdp11||0_partial	CheckV-046571	1	1.05	629	2.15	26.6	167.31
Q_Shewanella_Pdp11||0_partial	CheckV-000133	1	1.05	381	1.3	43.9	167.26
Q_Shewanella_Pdp11||0_partial	CheckV-015866	1	1.05	355	1.21	46.8	166.14
Q_Shewanella_Pdp11||0_partial	CheckV-049997	1	1.05	629	2.15	26.4	166.06
Q_Shewanella_Pdp11||0_partial	CheckV-053404	1	1.05	629	2.15	26.3	165.43
Q_Shewanella_Pdp11||0_partial	CheckV-023743	1	1.05	629	2.15	26.3	165.43
Q_Shewanella_Pdp11||0_partial	CheckV-024322	1	1.05	629	2.15	26.3	165.43
Q_Shewanella_Pdp11||0_partial	CheckV-048619	1	1.05	666	2.28	24.8	165.17
Q_Shewanella_Pdp11||0_partial	CheckV-038491	1	1.05	629	2.15	26.1	164.17
Q_Shewanella_Pdp11||0_partial	CheckV-048392	1	1.05	629	2.15	26.1	164.17
Q_Shewanella_Pdp11||0_partial	CheckV-044362	1	1.05	629	2.15	26.0	163.54
Q_Shewanella_Pdp11||0_partial	CheckV-029478	1	1.05	629	2.15	25.8	162.28
Q_Shewanella_Pdp11||0_partial	CheckV-058223	1	1.05	629	2.15	25.8	162.28
Q_Shewanella_Pdp11||0_partial	CheckV-017646	1	1.05	629	2.15	25.8	162.28
Q_Shewanella_Pdp11||0_partial	CheckV-029211	1	1.05	666	2.28	24.2	161.17
Q_Shewanella_Pdp11||0_partial	CheckV-001225	1	1.05	629	2.15	25.6	161.02
Q_Shewanella_Pdp11||0_partial	CheckV-036732	1	1.05	666	2.28	24.1	160.51
Q_Shewanella_Pdp11||0_partial	CheckV-035459	1	1.05	629	2.15	25.5	160.4
Q_Shewanella_Pdp11||0_partial	CheckV-038129	1	1.05	629	2.15	25.5	160.4
Q_Shewanella_Pdp11||0_partial	CheckV-048065	1	1.05	666	2.28	24.0	159.84
Q_Shewanella_Pdp11||0_partial	CheckV-027414	1	1.05	629	2.15	25.3	159.14
Q_Shewanella_Pdp11||0_partial	CheckV-053411	1	1.05	670	2.29	23.7	158.79
Q_Shewanella_Pdp11||0_partial	CheckV-018102	1	1.05	629	2.15	25.1	157.88
Q_Shewanella_Pdp11||0_partial	CheckV-027411	1	1.05	629	2.15	25.1	157.88
Q_Shewanella_Pdp11||0_partial	CheckV-020698	1	1.05	666	2.28	23.7	157.84
Q_Shewanella_Pdp11||0_partial	CheckV-058421	1	1.05	629	2.15	25.0	157.25
Q_Shewanella_Pdp11||0_partial	CheckV-011024	1	1.05	629	2.15	25.0	157.25
Q_Shewanella_Pdp11||0_partial	CheckV-023785	1	1.05	629	2.15	25.0	157.25
Q_Shewanella_Pdp11||0_partial	CheckV-014992	1	1.05	629	2.15	24.9	156.62
Q_Shewanella_Pdp11||0_partial	CheckV-000638	1	1.05	629	2.15	24.9	156.62
Q_Shewanella_Pdp11||0_partial	CheckV-035016	1	1.05	666	2.28	23.4	155.84
Q_Shewanella_Pdp11||0_partial	CheckV-002479	1	1.05	666	2.28	23.3	155.18
Q_Shewanella_Pdp11||0_partial	CheckV-020738	2	2.11	423	1.45	36.42	154.06
Q_Shewanella_Pdp11||0_partial	CheckV-038929	1	1.05	666	2.28	23.1	153.85
Q_Shewanella_Pdp11||0_partial	CheckV-043668	2	2.11	533	1.82	28.8	153.5
Q_Shewanella_Pdp11||0_partial	CheckV-052276	1	1.05	629	2.15	24.4	153.48
Q_Shewanella_Pdp11||0_partial	CheckV-026580	1	1.05	629	2.15	24.4	153.48
Q_Shewanella_Pdp11||0_partial	CheckV-048988	2	2.11	436	1.49	35.15	153.25
Q_Shewanella_Pdp11||0_partial	CheckV-048580	1	1.05	629	2.15	24.3	152.85
Q_Shewanella_Pdp11||0_partial	CheckV-016168	2	2.11	309	1.06	49.35	152.49
Q_Shewanella_Pdp11||0_partial	CheckV-037091	1	1.05	666	2.28	22.8	151.85
Q_Shewanella_Pdp11||0_partial	CheckV-045863	1	1.05	629	2.15	24.0	150.96
Q_Shewanella_Pdp11||0_partial	CheckV-005418	1	1.05	666	2.28	22.6	150.52
Q_Shewanella_Pdp11||0_partial	CheckV-054812	1	1.05	629	2.15	23.8	149.7
Q_Shewanella_Pdp11||0_partial	CheckV-060005	1	1.05	355	1.21	42.0	149.1
Q_Shewanella_Pdp11||0_partial	CheckV-000733	1	1.05	629	2.15	23.7	149.07
Q_Shewanella_Pdp11||0_partial	CheckV-017320	1	1.05	629	2.15	23.7	149.07
Q_Shewanella_Pdp11||0_partial	CheckV-059770	1	1.05	419	1.43	35.5	148.75
Q_Shewanella_Pdp11||0_partial	CheckV-000892	1	1.05	629	2.15	23.4	147.19
Q_Shewanella_Pdp11||0_partial	CheckV-038464	1	1.05	666	2.28	22.0	146.52
Q_Shewanella_Pdp11||0_partial	CheckV-056621	1	1.05	629	2.15	23.2	145.93
Q_Shewanella_Pdp11||0_partial	CheckV-020087	1	1.05	629	2.15	23.2	145.93
Q_Shewanella_Pdp11||0_partial	CheckV-002278	1	1.05	629	2.15	23.2	145.93
Q_Shewanella_Pdp11||0_partial	CheckV-029711	1	1.05	525	1.79	27.4	143.85
Q_Shewanella_Pdp11||0_partial	CheckV-044679	1	1.05	629	2.15	22.8	143.41
Q_Shewanella_Pdp11||0_partial	CheckV-000736	1	1.05	629	2.15	22.8	143.41
Q_Shewanella_Pdp11||0_partial	CheckV-044049	1	1.05	629	2.15	22.5	141.53
Q_Shewanella_Pdp11||0_partial	CheckV-012813	1	1.05	525	1.79	26.9	141.22
Q_Shewanella_Pdp11||0_partial	CheckV-014227	1	1.05	666	2.28	21.2	141.19
Q_Shewanella_Pdp11||0_partial	CheckV-026303	1	1.05	629	2.15	22.2	139.64
Q_Shewanella_Pdp11||0_partial	CheckV-001044	1	1.05	629	2.15	21.9	137.75
Q_Shewanella_Pdp11||0_partial	CheckV-012620	1	1.05	419	1.43	32.7	137.01
Q_Shewanella_Pdp11||0_partial	CheckV-010515	1	1.05	419	1.43	32.0	134.08
Q_Shewanella_Pdp11||0_partial	CheckV-051508	1	1.05	250	0.85	53.6	134.0
Q_Shewanella_Pdp11||0_partial	CheckV-008013	1	1.05	240	0.82	55.3	132.72
Q_Shewanella_Pdp11||0_partial	CheckV-047955	1	1.05	250	0.85	52.9	132.25
Q_Shewanella_Pdp11||0_partial	CheckV-014911	1	1.05	355	1.21	37.2	132.06
Q_Shewanella_Pdp11||0_partial	CheckV-021849	1	1.05	241	0.82	54.6	131.59
Q_Shewanella_Pdp11||0_partial	CheckV-044754	1	1.05	205	0.7	64.1	131.4
Q_Shewanella_Pdp11||0_partial	CheckV-015271	1	1.05	250	0.85	52.5	131.25
Q_Shewanella_Pdp11||0_partial	CheckV-055085	2	2.11	423	1.45	31.0	131.13
Q_Shewanella_Pdp11||0_partial	CheckV-020966	1	1.05	525	1.79	24.9	130.72
Q_Shewanella_Pdp11||0_partial	CheckV-007714	1	1.05	205	0.7	63.5	130.18
Q_Shewanella_Pdp11||0_partial	CheckV-001384	1	1.05	355	1.21	36.5	129.57
Q_Shewanella_Pdp11||0_partial	CheckV-001332	1	1.05	355	1.21	36.5	129.57
Q_Shewanella_Pdp11||0_partial	CheckV-013480	1	1.05	355	1.21	36.4	129.22
Q_Shewanella_Pdp11||0_partial	CheckV-003148	1	1.05	355	1.21	36.2	128.51
Q_Shewanella_Pdp11||0_partial	CheckV-038159	1	1.05	250	0.85	51.0	127.5
Q_Shewanella_Pdp11||0_partial	CheckV-054188	1	1.05	250	0.85	51.0	127.5
Q_Shewanella_Pdp11||0_partial	CheckV-055355	1	1.05	250	0.85	51.0	127.5
Q_Shewanella_Pdp11||0_partial	CheckV-042079	1	1.05	419	1.43	30.4	127.38
Q_Shewanella_Pdp11||0_partial	CheckV-058601	1	1.05	355	1.21	35.8	127.09
Q_Shewanella_Pdp11||0_partial	CheckV-058607	1	1.05	355	1.21	35.8	127.09
Q_Shewanella_Pdp11||0_partial	CheckV-058477	1	1.05	355	1.21	35.8	127.09
Q_Shewanella_Pdp11||0_partial	CheckV-048606	1	1.05	355	1.21	35.8	127.09
Q_Shewanella_Pdp11||0_partial	CheckV-061680	1	1.05	355	1.21	35.8	127.09
Q_Shewanella_Pdp11||0_partial	CheckV-012602	1	1.05	259	0.89	48.9	126.65
Q_Shewanella_Pdp11||0_partial	CheckV-048348	1	1.05	419	1.43	30.2	126.54
Q_Shewanella_Pdp11||0_partial	CheckV-039952	1	1.05	355	1.21	35.6	126.38
Q_Shewanella_Pdp11||0_partial	CheckV-055407	1	1.05	250	0.85	50.4	126.0
Q_Shewanella_Pdp11||0_partial	CheckV-055406	1	1.05	250	0.85	50.4	126.0
Q_Shewanella_Pdp11||0_partial	CheckV-056716	1	1.05	250	0.85	50.0	125.0
Q_Shewanella_Pdp11||0_partial	CheckV-052277	1	1.05	355	1.21	35.2	124.96
Q_Shewanella_Pdp11||0_partial	CheckV-000522	1	1.05	525	1.79	23.8	124.95
Q_Shewanella_Pdp11||0_partial	CheckV-017105	1	1.05	355	1.21	34.8	123.54
Q_Shewanella_Pdp11||0_partial	CheckV-049696	1	1.05	419	1.43	29.4	123.19
Q_Shewanella_Pdp11||0_partial	CheckV-048965	1	1.05	355	1.21	34.7	123.19
Q_Shewanella_Pdp11||0_partial	CheckV-003012	1	1.05	355	1.21	34.4	122.12
Q_Shewanella_Pdp11||0_partial	CheckV-003028	1	1.05	355	1.21	34.4	122.12
Q_Shewanella_Pdp11||0_partial	CheckV-048349	1	1.05	419	1.43	29.0	121.51
Q_Shewanella_Pdp11||0_partial	CheckV-048345	1	1.05	419	1.43	29.0	121.51
Q_Shewanella_Pdp11||0_partial	CheckV-050970	1	1.05	419	1.43	29.0	121.51
Q_Shewanella_Pdp11||0_partial	CheckV-051520	1	1.05	355	1.21	34.1	121.06
Q_Shewanella_Pdp11||0_partial	CheckV-018813	1	1.05	355	1.21	34.1	121.06
Q_Shewanella_Pdp11||0_partial	CheckV-009675	1	1.05	355	1.21	34.0	120.7
Q_Shewanella_Pdp11||0_partial	CheckV-044407	1	1.05	355	1.21	33.9	120.34
Q_Shewanella_Pdp11||0_partial	CheckV-043759	1	1.05	355	1.21	33.9	120.34
Q_Shewanella_Pdp11||0_partial	CheckV-005924	1	1.05	355	1.21	33.8	119.99
Q_Shewanella_Pdp11||0_partial	CheckV-008174	1	1.05	362	1.24	33.0	119.46
Q_Shewanella_Pdp11||0_partial	CheckV-050967	1	1.05	419	1.43	28.5	119.42
Q_Shewanella_Pdp11||0_partial	CheckV-016051	1	1.05	355	1.21	33.5	118.92
Q_Shewanella_Pdp11||0_partial	CheckV-014507	1	1.05	355	1.21	33.5	118.92
Q_Shewanella_Pdp11||0_partial	CheckV-061289	1	1.05	355	1.21	33.3	118.21
Q_Shewanella_Pdp11||0_partial	CheckV-016113	1	1.05	355	1.21	33.3	118.21
Q_Shewanella_Pdp11||0_partial	CheckV-044588	1	1.05	355	1.21	33.3	118.21
Q_Shewanella_Pdp11||0_partial	CheckV-050973	1	1.05	419	1.43	28.2	118.16
Q_Shewanella_Pdp11||0_partial	CheckV-001386	1	1.05	355	1.21	33.1	117.5
Q_Shewanella_Pdp11||0_partial	CheckV-010492	1	1.05	355	1.21	33.0	117.15
Q_Shewanella_Pdp11||0_partial	CheckV-012983	1	1.05	525	1.79	22.3	117.08
Q_Shewanella_Pdp11||0_partial	CheckV-044193	1	1.05	362	1.24	32.2	116.56
Q_Shewanella_Pdp11||0_partial	CheckV-016010	1	1.05	362	1.24	32.0	115.84
Q_Shewanella_Pdp11||0_partial	CheckV-013456	1	1.05	241	0.82	47.6	114.72
Q_Shewanella_Pdp11||0_partial	CheckV-004565	1	1.05	241	0.82	47.5	114.47
Q_Shewanella_Pdp11||0_partial	CheckV-032728	1	1.05	355	1.21	31.9	113.25
Q_Shewanella_Pdp11||0_partial	CheckV-005596	1	1.05	241	0.82	46.9	113.03
Q_Shewanella_Pdp11||0_partial	CheckV-006796	1	1.05	241	0.82	46.8	112.79
Q_Shewanella_Pdp11||0_partial	CheckV-060001	1	1.05	241	0.82	46.7	112.55
Q_Shewanella_Pdp11||0_partial	CheckV-044403	1	1.05	355	1.21	31.5	111.83
Q_Shewanella_Pdp11||0_partial	CheckV-012917	1	1.05	419	1.43	26.6	111.45
Q_Shewanella_Pdp11||0_partial	CheckV-005709	1	1.05	241	0.82	46.0	110.86
Q_Shewanella_Pdp11||0_partial	CheckV-062035	1	1.05	355	1.21	31.2	110.76
Q_Shewanella_Pdp11||0_partial	CheckV-011230	1	1.05	241	0.82	45.9	110.62
Q_Shewanella_Pdp11||0_partial	CheckV-009237	1	1.05	241	0.82	45.9	110.62
Q_Shewanella_Pdp11||0_partial	CheckV-010362	1	1.05	355	1.21	30.9	109.69
Q_Shewanella_Pdp11||0_partial	CheckV-000483	1	1.05	259	0.89	42.0	108.78
Q_Shewanella_Pdp11||0_partial	CheckV-029521	1	1.05	241	0.82	45.1	108.69
Q_Shewanella_Pdp11||0_partial	CheckV-013811	1	1.05	250	0.85	43.4	108.5
Q_Shewanella_Pdp11||0_partial	CheckV-046476	1	1.05	241	0.82	45.0	108.45
Q_Shewanella_Pdp11||0_partial	CheckV-018707	1	1.05	241	0.82	44.9	108.21
Q_Shewanella_Pdp11||0_partial	CheckV-016167	1	1.05	241	0.82	44.6	107.49
Q_Shewanella_Pdp11||0_partial	CheckV-015843	1	1.05	241	0.82	44.3	106.76
Q_Shewanella_Pdp11||0_partial	CheckV-047958	1	1.05	250	0.85	42.4	106.0
Q_Shewanella_Pdp11||0_partial	CheckV-042179	1	1.05	250	0.85	42.4	106.0
Q_Shewanella_Pdp11||0_partial	CheckV-059291	1	1.05	241	0.82	43.7	105.32
Q_Shewanella_Pdp11||0_partial	CheckV-016245	1	1.05	355	1.21	29.5	104.72
Q_Shewanella_Pdp11||0_partial	CheckV-009236	1	1.05	241	0.82	43.4	104.59
Q_Shewanella_Pdp11||0_partial	CheckV-035723	1	1.05	259	0.89	40.2	104.12
Q_Shewanella_Pdp11||0_partial	CheckV-061113	2	2.11	309	1.06	33.65	103.98
Q_Shewanella_Pdp11||0_partial	CheckV-033609	1	1.05	259	0.89	39.8	103.08
Q_Shewanella_Pdp11||0_partial	CheckV-034355	1	1.05	259	0.89	39.8	103.08
Q_Shewanella_Pdp11||0_partial	CheckV-006379	1	1.05	241	0.82	42.6	102.67
Q_Shewanella_Pdp11||0_partial	CheckV-049698	1	1.05	241	0.82	42.3	101.94
Q_Shewanella_Pdp11||0_partial	CheckV-009642	1	1.05	355	1.21	28.7	101.89
Q_Shewanella_Pdp11||0_partial	CheckV-029263	1	1.05	355	1.21	28.3	100.47
Q_Shewanella_Pdp11||0_partial	CheckV-033319	1	1.05	241	0.82	41.6	100.26
Q_Shewanella_Pdp11||0_partial	CheckV-037320	1	1.05	259	0.89	38.4	99.46
Q_Shewanella_Pdp11||0_partial	CheckV-059835	1	1.05	316	1.08	31.4	99.22
Q_Shewanella_Pdp11||0_partial	CheckV-060395	1	1.05	316	1.08	30.9	97.64
Q_Shewanella_Pdp11||0_partial	CheckV-060105	1	1.05	355	1.21	27.4	97.27
Q_Shewanella_Pdp11||0_partial	CheckV-045200	1	1.05	241	0.82	40.3	97.12
Q_Shewanella_Pdp11||0_partial	CheckV-047996	1	1.05	316	1.08	30.7	97.01
Q_Shewanella_Pdp11||0_partial	CheckV-042933	1	1.05	241	0.82	40.1	96.64
Q_Shewanella_Pdp11||0_partial	CheckV-044161	1	1.05	241	0.82	39.7	95.68
Q_Shewanella_Pdp11||0_partial	CheckV-041018	1	1.05	250	0.85	37.6	94.0
Q_Shewanella_Pdp11||0_partial	CheckV-042946	1	1.05	241	0.82	39.0	93.99
Q_Shewanella_Pdp11||0_partial	CheckV-049720	1	1.05	241	0.82	39.0	93.99
Q_Shewanella_Pdp11||0_partial	CheckV-032917	1	1.05	241	0.82	38.9	93.75
Q_Shewanella_Pdp11||0_partial	CheckV-018394	1	1.05	250	0.85	37.4	93.5
Q_Shewanella_Pdp11||0_partial	CheckV-047995	1	1.05	316	1.08	29.5	93.22
Q_Shewanella_Pdp11||0_partial	CheckV-045371	1	1.05	241	0.82	38.6	93.03
Q_Shewanella_Pdp11||0_partial	CheckV-047966	1	1.05	241	0.82	38.6	93.03
Q_Shewanella_Pdp11||0_partial	CheckV-043737	1	1.05	316	1.08	29.2	92.27
Q_Shewanella_Pdp11||0_partial	CheckV-060377	1	1.05	316	1.08	29.1	91.96
Q_Shewanella_Pdp11||0_partial	CheckV-025339	1	1.05	241	0.82	38.1	91.82
Q_Shewanella_Pdp11||0_partial	CheckV-003341	1	1.05	355	1.21	25.5	90.53
Q_Shewanella_Pdp11||0_partial	CheckV-048054	1	1.05	340	1.16	26.6	90.44
Q_Shewanella_Pdp11||0_partial	CheckV-047979	1	1.05	241	0.82	37.3	89.89
Q_Shewanella_Pdp11||0_partial	CheckV-059707	1	1.05	241	0.82	37.3	89.89
Q_Shewanella_Pdp11||0_partial	CheckV-041639	1	1.05	355	1.21	24.8	88.04
Q_Shewanella_Pdp11||0_partial	CheckV-048042	1	1.05	241	0.82	36.5	87.97
Q_Shewanella_Pdp11||0_partial	CheckV-058688	1	1.05	316	1.08	27.8	87.85
Q_Shewanella_Pdp11||0_partial	CheckV-060897	1	1.05	362	1.24	24.0	86.88
Q_Shewanella_Pdp11||0_partial	CheckV-003406	1	1.05	241	0.82	35.9	86.52
Q_Shewanella_Pdp11||0_partial	CheckV-009198	1	1.05	241	0.82	35.9	86.52
Q_Shewanella_Pdp11||0_partial	CheckV-037727	1	1.05	195	0.67	43.8	85.41
Q_Shewanella_Pdp11||0_partial	CheckV-017722	1	1.05	250	0.85	34.1	85.25
Q_Shewanella_Pdp11||0_partial	CheckV-005433	1	1.05	241	0.82	35.3	85.07
Q_Shewanella_Pdp11||0_partial	CheckV-033274	1	1.05	304	1.04	27.9	84.82
Q_Shewanella_Pdp11||0_partial	CheckV-009207	1	1.05	304	1.04	27.9	84.82
Q_Shewanella_Pdp11||0_partial	CheckV-060227	1	1.05	316	1.08	26.3	83.11
Q_Shewanella_Pdp11||0_partial	CheckV-055418	1	1.05	195	0.67	42.5	82.88
Q_Shewanella_Pdp11||0_partial	CheckV-060238	1	1.05	195	0.67	41.6	81.12
Q_Shewanella_Pdp11||0_partial	CheckV-048041	1	1.05	241	0.82	33.2	80.01
Q_Shewanella_Pdp11||0_partial	CheckV-060226	1	1.05	316	1.08	25.3	79.95
Q_Shewanella_Pdp11||0_partial	CheckV-039270	1	1.05	355	1.21	22.5	79.88
Q_Shewanella_Pdp11||0_partial	CheckV-055077	1	1.05	241	0.82	33.1	79.77
Q_Shewanella_Pdp11||0_partial	CheckV-061140	1	1.05	195	0.67	40.6	79.17
Q_Shewanella_Pdp11||0_partial	CheckV-023893	1	1.05	241	0.82	32.8	79.05
Q_Shewanella_Pdp11||0_partial	CheckV-027811	1	1.05	241	0.82	32.8	79.05
Q_Shewanella_Pdp11||0_partial	CheckV-034839	1	1.05	296	1.01	26.7	79.03
Q_Shewanella_Pdp11||0_partial	CheckV-031323	1	1.05	195	0.67	40.2	78.39
Q_Shewanella_Pdp11||0_partial	CheckV-044186	1	1.05	195	0.67	40.2	78.39
Q_Shewanella_Pdp11||0_partial	CheckV-039882	1	1.05	250	0.85	31.3	78.25
Q_Shewanella_Pdp11||0_partial	CheckV-046498	1	1.05	195	0.67	40.0	78.0
Q_Shewanella_Pdp11||0_partial	CheckV-031324	1	1.05	195	0.67	40.0	78.0
Q_Shewanella_Pdp11||0_partial	CheckV-000837	1	1.05	195	0.67	39.8	77.61
Q_Shewanella_Pdp11||0_partial	CheckV-000214	1	1.05	195	0.67	39.8	77.61
Q_Shewanella_Pdp11||0_partial	CheckV-020344	1	1.05	195	0.67	39.8	77.61
Q_Shewanella_Pdp11||0_partial	CheckV-039075	1	1.05	296	1.01	26.2	77.55
Q_Shewanella_Pdp11||0_partial	CheckV-043855	1	1.05	241	0.82	31.9	76.88
Q_Shewanella_Pdp11||0_partial	CheckV-014971	1	1.05	241	0.82	31.8	76.64
Q_Shewanella_Pdp11||0_partial	CheckV-032521	1	1.05	195	0.67	39.3	76.63
Q_Shewanella_Pdp11||0_partial	CheckV-059834	1	1.05	316	1.08	24.0	75.84
Q_Shewanella_Pdp11||0_partial	CheckV-015172	1	1.05	178	0.61	42.4	75.47
Q_Shewanella_Pdp11||0_partial	CheckV-019695	1	1.05	195	0.67	38.4	74.88
Q_Shewanella_Pdp11||0_partial	CheckV-037673	1	1.05	195	0.67	38.3	74.68
Q_Shewanella_Pdp11||0_partial	CheckV-056200	1	1.05	195	0.67	38.3	74.68
Q_Shewanella_Pdp11||0_partial	CheckV-051532	1	1.05	205	0.7	35.8	73.39
Q_Shewanella_Pdp11||0_partial	CheckV-049025	1	1.05	205	0.7	35.8	73.39
Q_Shewanella_Pdp11||0_partial	CheckV-014974	1	1.05	195	0.67	37.5	73.12
Q_Shewanella_Pdp11||0_partial	CheckV-040793	1	1.05	195	0.67	37.5	73.12
Q_Shewanella_Pdp11||0_partial	CheckV-041183	1	1.05	195	0.67	37.2	72.54
Q_Shewanella_Pdp11||0_partial	CheckV-056090	1	1.05	195	0.67	37.0	72.15
Q_Shewanella_Pdp11||0_partial	CheckV-040462	1	1.05	195	0.67	37.0	72.15
Q_Shewanella_Pdp11||0_partial	CheckV-058723	1	1.05	178	0.61	40.5	72.09
Q_Shewanella_Pdp11||0_partial	CheckV-035047	1	1.05	195	0.67	36.9	71.95
Q_Shewanella_Pdp11||0_partial	CheckV-007107	1	1.05	250	0.85	28.7	71.75
Q_Shewanella_Pdp11||0_partial	CheckV-061574	1	1.05	250	0.85	28.4	71.0
Q_Shewanella_Pdp11||0_partial	CheckV-061404	1	1.05	250	0.85	28.4	71.0
Q_Shewanella_Pdp11||0_partial	CheckV-048085	1	1.05	195	0.67	36.4	70.98
Q_Shewanella_Pdp11||0_partial	CheckV-007052	1	1.05	195	0.67	36.4	70.98
Q_Shewanella_Pdp11||0_partial	CheckV-016131	1	1.05	195	0.67	36.2	70.59
Q_Shewanella_Pdp11||0_partial	CheckV-009000	1	1.05	241	0.82	29.2	70.37
Q_Shewanella_Pdp11||0_partial	CheckV-000205	1	1.05	240	0.82	29.3	70.32
Q_Shewanella_Pdp11||0_partial	CheckV-028102	1	1.05	178	0.61	39.5	70.31
Q_Shewanella_Pdp11||0_partial	CheckV-035135	1	1.05	195	0.67	35.8	69.81
Q_Shewanella_Pdp11||0_partial	CheckV-039337	1	1.05	241	0.82	28.8	69.41
Q_Shewanella_Pdp11||0_partial	CheckV-031380	1	1.05	195	0.67	35.2	68.64
Q_Shewanella_Pdp11||0_partial	CheckV-015319	1	1.05	178	0.61	38.4	68.35
Q_Shewanella_Pdp11||0_partial	CheckV-051873	1	1.05	296	1.01	23.0	68.08
Q_Shewanella_Pdp11||0_partial	CheckV-020740	1	1.05	195	0.67	34.7	67.67
Q_Shewanella_Pdp11||0_partial	CheckV-048124	1	1.05	178	0.61	38.0	67.64
Q_Shewanella_Pdp11||0_partial	CheckV-009174	1	1.05	178	0.61	38.0	67.64
Q_Shewanella_Pdp11||0_partial	CheckV-010355	1	1.05	178	0.61	38.0	67.64
Q_Shewanella_Pdp11||0_partial	CheckV-031937	1	1.05	195	0.67	34.6	67.47
Q_Shewanella_Pdp11||0_partial	CheckV-049763	1	1.05	178	0.61	37.5	66.75
Q_Shewanella_Pdp11||0_partial	CheckV-016256	1	1.05	250	0.85	26.5	66.25
Q_Shewanella_Pdp11||0_partial	CheckV-024900	1	1.05	195	0.67	33.9	66.11
Q_Shewanella_Pdp11||0_partial	CheckV-025999	1	1.05	195	0.67	33.9	66.11
Q_Shewanella_Pdp11||0_partial	CheckV-025722	1	1.05	195	0.67	33.9	66.11
Q_Shewanella_Pdp11||0_partial	CheckV-026232	1	1.05	195	0.67	33.9	66.11
Q_Shewanella_Pdp11||0_partial	CheckV-027653	1	1.05	195	0.67	33.9	66.11
Q_Shewanella_Pdp11||0_partial	CheckV-037000	1	1.05	195	0.67	33.9	66.11
Q_Shewanella_Pdp11||0_partial	CheckV-022336	1	1.05	195	0.67	33.9	66.11
Q_Shewanella_Pdp11||0_partial	CheckV-022359	1	1.05	195	0.67	33.9	66.11
Q_Shewanella_Pdp11||0_partial	CheckV-024225	1	1.05	195	0.67	33.9	66.11
Q_Shewanella_Pdp11||0_partial	CheckV-026102	1	1.05	195	0.67	33.9	66.11
Q_Shewanella_Pdp11||0_partial	CheckV-029525	1	1.05	195	0.67	33.9	66.11
Q_Shewanella_Pdp11||0_partial	CheckV-031601	1	1.05	195	0.67	33.9	66.11
Q_Shewanella_Pdp11||0_partial	CheckV-036678	1	1.05	195	0.67	33.9	66.11
Q_Shewanella_Pdp11||0_partial	CheckV-017344	1	1.05	178	0.61	37.1	66.04
Q_Shewanella_Pdp11||0_partial	CheckV-025565	1	1.05	195	0.67	33.8	65.91
Q_Shewanella_Pdp11||0_partial	CheckV-040136	1	1.05	241	0.82	27.3	65.79
Q_Shewanella_Pdp11||0_partial	CheckV-058935	1	1.05	241	0.82	27.2	65.55
Q_Shewanella_Pdp11||0_partial	CheckV-045831	1	1.05	195	0.67	33.6	65.52
Q_Shewanella_Pdp11||0_partial	CheckV-027944	1	1.05	195	0.67	33.6	65.52
Q_Shewanella_Pdp11||0_partial	CheckV-033356	1	1.05	195	0.67	33.6	65.52
Q_Shewanella_Pdp11||0_partial	CheckV-035806	1	1.05	195	0.67	33.6	65.52
Q_Shewanella_Pdp11||0_partial	CheckV-037674	1	1.05	195	0.67	33.6	65.52
Q_Shewanella_Pdp11||0_partial	CheckV-058916	1	1.05	195	0.67	33.6	65.52
Q_Shewanella_Pdp11||0_partial	CheckV-060303	1	1.05	195	0.67	33.6	65.52
Q_Shewanella_Pdp11||0_partial	CheckV-021920	1	1.05	195	0.67	33.6	65.52
Q_Shewanella_Pdp11||0_partial	CheckV-025239	1	1.05	195	0.67	33.6	65.52
Q_Shewanella_Pdp11||0_partial	CheckV-031744	1	1.05	195	0.67	33.6	65.52
Q_Shewanella_Pdp11||0_partial	CheckV-035489	1	1.05	195	0.67	33.6	65.52
Q_Shewanella_Pdp11||0_partial	CheckV-039182	1	1.05	195	0.67	33.6	65.52
Q_Shewanella_Pdp11||0_partial	CheckV-039301	1	1.05	195	0.67	33.6	65.52
Q_Shewanella_Pdp11||0_partial	CheckV-035622	1	1.05	195	0.67	33.6	65.52
Q_Shewanella_Pdp11||0_partial	CheckV-054979	1	1.05	178	0.61	36.8	65.5
Q_Shewanella_Pdp11||0_partial	CheckV-044380	1	1.05	229	0.78	28.5	65.27
Q_Shewanella_Pdp11||0_partial	CheckV-025784	1	1.05	195	0.67	33.3	64.93
Q_Shewanella_Pdp11||0_partial	CheckV-026230	1	1.05	195	0.67	33.3	64.93
Q_Shewanella_Pdp11||0_partial	CheckV-021184	1	1.05	241	0.82	26.9	64.83
Q_Shewanella_Pdp11||0_partial	CheckV-013557	1	1.05	178	0.61	36.4	64.79
Q_Shewanella_Pdp11||0_partial	CheckV-031360	1	1.05	195	0.67	33.1	64.55
Q_Shewanella_Pdp11||0_partial	CheckV-026347	1	1.05	195	0.67	33.1	64.55
Q_Shewanella_Pdp11||0_partial	CheckV-024651	1	1.05	195	0.67	33.1	64.55
Q_Shewanella_Pdp11||0_partial	CheckV-026163	1	1.05	195	0.67	33.1	64.55
Q_Shewanella_Pdp11||0_partial	CheckV-015893	1	1.05	178	0.61	36.2	64.44
Q_Shewanella_Pdp11||0_partial	CheckV-031537	1	1.05	195	0.67	32.8	63.96
Q_Shewanella_Pdp11||0_partial	CheckV-059289	1	1.05	195	0.67	32.8	63.96
Q_Shewanella_Pdp11||0_partial	CheckV-027496	1	1.05	195	0.67	32.6	63.57
Q_Shewanella_Pdp11||0_partial	CheckV-024830	1	1.05	178	0.61	35.7	63.55
Q_Shewanella_Pdp11||0_partial	CheckV-014534	1	1.05	241	0.82	26.3	63.38
Q_Shewanella_Pdp11||0_partial	CheckV-027897	1	1.05	195	0.67	32.5	63.38
Q_Shewanella_Pdp11||0_partial	CheckV-048106	1	1.05	195	0.67	32.4	63.18
Q_Shewanella_Pdp11||0_partial	CheckV-036248	1	1.05	195	0.67	32.4	63.18
Q_Shewanella_Pdp11||0_partial	CheckV-027919	1	1.05	195	0.67	32.3	62.98
Q_Shewanella_Pdp11||0_partial	CheckV-024726	1	1.05	195	0.67	31.9	62.2
Q_Shewanella_Pdp11||0_partial	CheckV-035112	1	1.05	195	0.67	31.7	61.81
Q_Shewanella_Pdp11||0_partial	CheckV-058548	1	1.05	178	0.61	34.7	61.77
Q_Shewanella_Pdp11||0_partial	CheckV-059887	1	1.05	178	0.61	34.6	61.59
Q_Shewanella_Pdp11||0_partial	CheckV-059886	1	1.05	178	0.61	34.6	61.59
Q_Shewanella_Pdp11||0_partial	CheckV-039595	1	1.05	195	0.67	31.3	61.03
Q_Shewanella_Pdp11||0_partial	CheckV-008955	1	1.05	195	0.67	31.2	60.84
Q_Shewanella_Pdp11||0_partial	CheckV-060446	1	1.05	109	0.37	55.8	60.82
Q_Shewanella_Pdp11||0_partial	CheckV-058393	1	1.05	178	0.61	33.7	59.99
Q_Shewanella_Pdp11||0_partial	CheckV-052140	1	1.05	195	0.67	30.6	59.67
Q_Shewanella_Pdp11||0_partial	CheckV-044242	1	1.05	195	0.67	30.6	59.67
Q_Shewanella_Pdp11||0_partial	CheckV-025357	1	1.05	195	0.67	30.6	59.67
Q_Shewanella_Pdp11||0_partial	CheckV-028650	1	1.05	195	0.67	30.4	59.28
Q_Shewanella_Pdp11||0_partial	CheckV-031757	1	1.05	178	0.61	33.3	59.27
Q_Shewanella_Pdp11||0_partial	CheckV-061105	1	1.05	178	0.61	33.3	59.27
Q_Shewanella_Pdp11||0_partial	CheckV-058728	1	1.05	178	0.61	33.3	59.27
Q_Shewanella_Pdp11||0_partial	CheckV-001813	1	1.05	178	0.61	33.3	59.27
Q_Shewanella_Pdp11||0_partial	CheckV-011853	1	1.05	205	0.7	28.9	59.24
Q_Shewanella_Pdp11||0_partial	CheckV-010648	1	1.05	241	0.82	24.3	58.56
Q_Shewanella_Pdp11||0_partial	CheckV-018477	1	1.05	178	0.61	32.9	58.56
Q_Shewanella_Pdp11||0_partial	CheckV-000135	1	1.05	178	0.61	32.8	58.38
Q_Shewanella_Pdp11||0_partial	CheckV-019557	1	1.05	109	0.37	53.3	58.1
Q_Shewanella_Pdp11||0_partial	CheckV-037655	1	1.05	195	0.67	29.7	57.91
Q_Shewanella_Pdp11||0_partial	CheckV-029106	1	1.05	109	0.37	53.0	57.77
Q_Shewanella_Pdp11||0_partial	CheckV-026379	1	1.05	195	0.67	29.6	57.72
Q_Shewanella_Pdp11||0_partial	CheckV-037817	1	1.05	195	0.67	29.6	57.72
Q_Shewanella_Pdp11||0_partial	CheckV-060498	1	1.05	178	0.61	32.4	57.67
Q_Shewanella_Pdp11||0_partial	CheckV-010718	1	1.05	178	0.61	32.3	57.49
Q_Shewanella_Pdp11||0_partial	CheckV-042026	1	1.05	178	0.61	32.1	57.14
Q_Shewanella_Pdp11||0_partial	CheckV-017716	1	1.05	178	0.61	32.1	57.14
Q_Shewanella_Pdp11||0_partial	CheckV-061247	1	1.05	178	0.61	32.1	57.14
Q_Shewanella_Pdp11||0_partial	CheckV-037825	1	1.05	195	0.67	29.3	57.13
Q_Shewanella_Pdp11||0_partial	CheckV-010561	1	1.05	195	0.67	29.2	56.94
Q_Shewanella_Pdp11||0_partial	CheckV-035808	1	1.05	241	0.82	23.6	56.88
Q_Shewanella_Pdp11||0_partial	CheckV-032378	1	1.05	241	0.82	23.6	56.88
Q_Shewanella_Pdp11||0_partial	CheckV-059307	1	1.05	109	0.37	52.0	56.68
Q_Shewanella_Pdp11||0_partial	CheckV-022791	1	1.05	195	0.67	29.0	56.55
Q_Shewanella_Pdp11||0_partial	CheckV-022836	1	1.05	195	0.67	29.0	56.55
Q_Shewanella_Pdp11||0_partial	CheckV-025199	1	1.05	195	0.67	28.9	56.35
Q_Shewanella_Pdp11||0_partial	CheckV-037046	1	1.05	195	0.67	28.9	56.35
Q_Shewanella_Pdp11||0_partial	CheckV-018938	1	1.05	178	0.61	31.6	56.25
Q_Shewanella_Pdp11||0_partial	CheckV-031975	1	1.05	195	0.67	28.7	55.97
Q_Shewanella_Pdp11||0_partial	CheckV-036291	1	1.05	195	0.67	28.7	55.97
Q_Shewanella_Pdp11||0_partial	CheckV-033369	1	1.05	109	0.37	51.1	55.7
Q_Shewanella_Pdp11||0_partial	CheckV-005452	1	1.05	178	0.61	30.9	55.0
Q_Shewanella_Pdp11||0_partial	CheckV-012972	1	1.05	178	0.61	30.8	54.82
Q_Shewanella_Pdp11||0_partial	CheckV-001859	1	1.05	178	0.61	30.8	54.82
Q_Shewanella_Pdp11||0_partial	CheckV-012264	1	1.05	178	0.61	30.7	54.65
Q_Shewanella_Pdp11||0_partial	CheckV-058549	1	1.05	178	0.61	30.7	54.65
Q_Shewanella_Pdp11||0_partial	CheckV-005538	1	1.05	109	0.37	50.0	54.5
Q_Shewanella_Pdp11||0_partial	CheckV-016117	1	1.05	178	0.61	30.6	54.47
Q_Shewanella_Pdp11||0_partial	CheckV-024703	1	1.05	195	0.67	27.8	54.21
Q_Shewanella_Pdp11||0_partial	CheckV-009195	1	1.05	195	0.67	27.7	54.02
Q_Shewanella_Pdp11||0_partial	CheckV-046479	1	1.05	178	0.61	30.1	53.58
Q_Shewanella_Pdp11||0_partial	CheckV-048095	1	1.05	178	0.61	30.1	53.58
Q_Shewanella_Pdp11||0_partial	CheckV-045976	1	1.05	178	0.61	30.1	53.58
Q_Shewanella_Pdp11||0_partial	CheckV-040534	1	1.05	178	0.61	30.1	53.58
Q_Shewanella_Pdp11||0_partial	CheckV-004478	1	1.05	178	0.61	30.1	53.58
Q_Shewanella_Pdp11||0_partial	CheckV-053379	1	1.05	178	0.61	29.8	53.04
Q_Shewanella_Pdp11||0_partial	CheckV-031738	1	1.05	195	0.67	27.2	53.04
Q_Shewanella_Pdp11||0_partial	CheckV-029807	1	1.05	178	0.61	29.0	51.62
Q_Shewanella_Pdp11||0_partial	CheckV-048642	1	1.05	195	0.67	26.3	51.28
Q_Shewanella_Pdp11||0_partial	CheckV-049036	1	1.05	195	0.67	26.3	51.28
Q_Shewanella_Pdp11||0_partial	CheckV-048641	1	1.05	195	0.67	26.3	51.28
Q_Shewanella_Pdp11||0_partial	CheckV-036194	1	1.05	195	0.67	26.3	51.28
Q_Shewanella_Pdp11||0_partial	CheckV-059967	1	1.05	195	0.67	26.2	51.09
Q_Shewanella_Pdp11||0_partial	CheckV-031038	1	1.05	195	0.67	26.0	50.7
Q_Shewanella_Pdp11||0_partial	CheckV-038135	1	1.05	195	0.67	26.0	50.7
Q_Shewanella_Pdp11||0_partial	CheckV-021899	1	1.05	195	0.67	26.0	50.7
Q_Shewanella_Pdp11||0_partial	CheckV-037688	1	1.05	195	0.67	26.0	50.7
Q_Shewanella_Pdp11||0_partial	CheckV-038137	1	1.05	195	0.67	26.0	50.7
Q_Shewanella_Pdp11||0_partial	CheckV-031802	1	1.05	178	0.61	28.1	50.02
Q_Shewanella_Pdp11||0_partial	CheckV-009223	1	1.05	109	0.37	45.7	49.81
Q_Shewanella_Pdp11||0_partial	CheckV-021940	1	1.05	195	0.67	25.4	49.53
Q_Shewanella_Pdp11||0_partial	CheckV-010739	1	1.05	108	0.37	44.7	48.28
Q_Shewanella_Pdp11||0_partial	CheckV-001811	1	1.05	205	0.7	23.3	47.77
Q_Shewanella_Pdp11||0_partial	CheckV-030979	1	1.05	109	0.37	43.8	47.74
Q_Shewanella_Pdp11||0_partial	CheckV-000253	1	1.05	108	0.37	42.6	46.01
Q_Shewanella_Pdp11||0_partial	CheckV-025848	1	1.05	108	0.37	40.7	43.96
Q_Shewanella_Pdp11||0_partial	CheckV-006509	1	1.05	108	0.37	40.6	43.85
Q_Shewanella_Pdp11||0_partial	CheckV-044302	1	1.05	109	0.37	39.1	42.62
Q_Shewanella_Pdp11||0_partial	CheckV-020868	1	1.05	108	0.37	38.6	41.69
Q_Shewanella_Pdp11||0_partial	CheckV-015647	1	1.05	108	0.37	36.1	38.99
Q_Shewanella_Pdp11||0_partial	CheckV-021811	1	1.05	108	0.37	35.4	38.23
Q_Shewanella_Pdp11||0_partial	CheckV-011548	1	1.05	68	0.23	55.1	37.47
Q_Shewanella_Pdp11||0_partial	CheckV-055299	1	1.05	68	0.23	51.9	35.29
Q_Shewanella_Pdp11||0_partial	CheckV-015434	1	1.05	109	0.37	31.7	34.55
Q_Shewanella_Pdp11||0_partial	CheckV-019414	1	1.05	68	0.23	48.8	33.18
Q_Shewanella_Pdp11||0_partial	CheckV-058939	1	1.05	68	0.23	44.6	30.33
Q_Shewanella_Pdp11||0_partial	CheckV-058942	1	1.05	68	0.23	44.6	30.33
Q_Shewanella_Pdp11||0_partial	CheckV-005100	1	1.05	68	0.23	44.4	30.19
Q_Shewanella_Pdp11||0_partial	CheckV-062060	1	1.05	68	0.23	43.4	29.51
Q_Shewanella_Pdp11||0_partial	CheckV-062384	1	1.05	68	0.23	43.4	29.51
